{
    "Gen Info": [
        {
            "PDGID": 15,
            "Decay Type": -13,
            "Px": -7.323036967182678,
            "Py": -28.098256639624392,
            "Pz": -34.95521412344889,
            "Mass": 1.776819999999965,
            "P": 45.442335888740146,
            "Theta": 2.448417976103709,
            "Phi": -1.8257473496619883,
            "visPx": -2.455334883287589,
            "visPy": -10.745193733855231,
            "visPz": -12.40522463634873,
            "visMass": 0.10566000000008516,
            "visP": 16.594500777228706,
            "visTheta": 2.4151625978430102,
            "visPhi": -1.7954447521691943,
            "Daughters": [
                {
                    "PDGID": 13,
                    "Px": -2.455334883287589,
                    "Py": -10.745193733855231,
                    "Pz": -12.40522463634873,
                    "Mass": 0.10566,
                    "P": 16.594500777228706,
                    "Theta": 2.4151625978430102,
                    "Phi": -1.7954447521691943
                }
            ]
        },
        {
            "PDGID": -15,
            "Decay Type": -11,
            "Px": 8.690922312829281,
            "Py": 28.0953351646436,
            "Pz": 34.956989754152715,
            "Mass": 1.776819999999837,
            "P": 45.68228454590719,
            "Theta": 0.6994136010976233,
            "Phi": 1.2707957842530777,
            "visPx": 0.03433615021706192,
            "visPy": 0.21777888944851295,
            "visPz": 0.09051114509338368,
            "visMass": 0.0005110000000030175,
            "visP": 0.23832516293348427,
            "visTheta": 1.1812377932750986,
            "visPhi": 1.414418419950417,
            "Daughters": [
                {
                    "PDGID": -11,
                    "Px": 0.03433615021706192,
                    "Py": 0.21777888944851295,
                    "Pz": 0.09051114509338368,
                    "Mass": 0.000511,
                    "P": 0.23832516293348427,
                    "Theta": 1.1812377932750986,
                    "Phi": 1.414418419950417
                }
            ]
        }
    ],
    "Reco Info": [
        {
            "PDGID": 13,
            "Decay Type": -13,
            "Px": -2.4632794857025146,
            "Py": -10.781684875488281,
            "Pz": -12.448275566101074,
            "Mass": 0.1056583598255394,
            "P": 16.65148759566558,
            "Theta": 2.415203323397007,
            "Phi": -1.7954100376545596,
            "Daughters": []
        }
    ],
    "Summary": {
        "Gen Taus ID": {
            "-13": 1,
            "-11": 1
        },
        "Gen Daughters PDG": {
            "13": 1,
            "11": 1
        },
        "Reco Taus ID": {
            "-13": 1
        },
        "Reco Daughters PDG": {},
        "nRecoHadronTaus": 0,
        "nRecoElectrons": 0,
        "nRecoMuons": 1,
        "nGenTaus": 2
    }
}