{
    "Gen Info": [
        {
            "PDGID": 15,
            "Decay Type": -13,
            "Px": -5.225462503937857,
            "Py": 7.098136674290222,
            "Pz": 44.61343655408853,
            "Mass": 1.776819999999965,
            "P": 45.47579272308122,
            "Theta": 0.1950549100942973,
            "Phi": 2.2053898086749,
            "visPx": -0.10239144813158325,
            "visPy": 0.40101562359573834,
            "visPz": 4.511434426733318,
            "visMass": 0.1056600000000011,
            "visP": 4.530379468182875,
            "visTheta": 0.09148437960701018,
            "visPhi": 1.820785437123404,
            "Daughters": [
                {
                    "PDGID": 13,
                    "Px": -0.10239144813158325,
                    "Py": 0.40101562359573834,
                    "Pz": 4.511434426733318,
                    "Mass": 0.10566,
                    "P": 4.530379468182875,
                    "Theta": 0.09148437960701018,
                    "Phi": 1.820785437123404
                }
            ]
        },
        {
            "PDGID": -15,
            "Decay Type": -13,
            "Px": 6.593385068612355,
            "Py": -7.098136674290222,
            "Pz": -44.61343552301839,
            "Mass": 1.776819999999965,
            "P": 45.65320251719942,
            "Theta": 2.9277594621828524,
            "Phi": -0.8222474729075339,
            "visPx": 0.2600684887458647,
            "visPy": 0.009917084817687737,
            "visPz": -1.6042067458914333,
            "visMass": 0.105659999999999,
            "visP": 1.6251809902202958,
            "visTheta": 2.980759537052549,
            "visPhi": 0.03811412240874537,
            "Daughters": [
                {
                    "PDGID": -13,
                    "Px": 0.2600684887458647,
                    "Py": 0.009917084817687737,
                    "Pz": -1.6042067458914333,
                    "Mass": 0.10566,
                    "P": 1.6251809902202958,
                    "Theta": 2.980759537052549,
                    "Phi": 0.03811412240874537
                }
            ]
        }
    ],
    "Reco Info": [
        {
            "PDGID": -15,
            "Decay Type": 0,
            "Px": 0.2774730920791626,
            "Py": 0.0044117397628724575,
            "Pz": -1.7065114974975586,
            "Mass": 0.1395701766014099,
            "P": 1.7289280700385041,
            "Theta": 2.9803865429298795,
            "Phi": 0.015898363415255454,
            "Daughters": [
                {
                    "PDGID": 211,
                    "Px": 0.2774730920791626,
                    "Py": 0.0044117397628724575,
                    "Pz": -1.7065114974975586,
                    "Mass": 0.1395701766014099,
                    "P": 1.7289280700385041,
                    "Theta": 2.9803865429298795,
                    "Phi": 0.015898363415255454
                }
            ]
        }
    ],
    "Summary": {
        "Gen Taus ID": {
            "-13": 2
        },
        "Gen Daughters PDG": {
            "13": 2
        },
        "Reco Taus ID": {
            "0": 1
        },
        "Reco Daughters PDG": {
            "211": 1
        },
        "nRecoHadronTaus": 1,
        "nRecoElectrons": 0,
        "nRecoMuons": 0,
        "nGenTaus": 2
    }
}