{
    "Gen Info": [
        {
            "PDGID": 15,
            "Decay Type": -13,
            "Px": -39.40917996957298,
            "Py": -2.5548052090954863,
            "Pz": 21.492301144912147,
            "Mass": 1.776820000000093,
            "P": 44.96142239780906,
            "Theta": 1.072401230689232,
            "Phi": -3.076855573429593,
            "visPx": -7.79793931294378,
            "visPy": -0.05141213966499311,
            "visPz": 4.601789133644507,
            "visMass": 0.10566000000001792,
            "visP": 9.054665315017871,
            "visTheta": 1.0376761391857432,
            "visPhi": -3.1349997073394897,
            "Daughters": [
                {
                    "PDGID": 13,
                    "Px": -7.79793931294378,
                    "Py": -0.05141213966499311,
                    "Pz": 4.601789133644507,
                    "Mass": 0.10566,
                    "P": 9.054665315017871,
                    "Theta": 1.0376761391857432,
                    "Phi": -3.1349997073394897
                }
            ]
        },
        {
            "PDGID": -15,
            "Decay Type": -13,
            "Px": 40.778341903744966,
            "Py": 2.555460863882446,
            "Pz": -21.491088879975656,
            "Mass": 1.776819999999965,
            "P": 46.165684765771324,
            "Theta": 2.0550193551555926,
            "Phi": 0.06258526866873725,
            "visPx": 0.25345648848881863,
            "visPy": 0.07635509981565167,
            "visPz": -0.11713683153483453,
            "visMass": 0.10565999999999992,
            "visP": 0.28946732134553804,
            "visTheta": 1.9874070477573043,
            "visPhi": 0.29260800902987355,
            "Daughters": [
                {
                    "PDGID": -13,
                    "Px": 0.25345648848881863,
                    "Py": 0.07635509981565167,
                    "Pz": -0.11713683153483453,
                    "Mass": 0.10566,
                    "P": 0.28946732134553804,
                    "Theta": 1.9874070477573043,
                    "Phi": 0.29260800902987355
                }
            ]
        }
    ],
    "Reco Info": [
        {
            "PDGID": 13,
            "Decay Type": -13,
            "Px": -7.8094282150268555,
            "Py": -0.050828393548727036,
            "Pz": 4.609365940093994,
            "Mass": 0.10565835982560665,
            "P": 9.068407078475628,
            "Theta": 1.0376002180814754,
            "Phi": -3.135084152014487,
            "Daughters": []
        }
    ],
    "Summary": {
        "Gen Taus ID": {
            "-13": 2
        },
        "Gen Daughters PDG": {
            "13": 2
        },
        "Reco Taus ID": {
            "-13": 1
        },
        "Reco Daughters PDG": {},
        "nRecoHadronTaus": 0,
        "nRecoElectrons": 0,
        "nRecoMuons": 1,
        "nGenTaus": 2
    }
}