{
    "Gen Info": [
        {
            "PDGID": 15,
            "Decay Type": -13,
            "Px": -0.33082899169116287,
            "Py": -4.898785287719287,
            "Pz": -45.27654355712124,
            "Mass": 1.776819999999837,
            "P": 45.541990970935984,
            "Theta": 3.0335713506034923,
            "Phi": -1.6382268035729481,
            "visPx": 0.3479231560640057,
            "visPy": -1.0098813970931118,
            "visPz": -13.46941967411104,
            "visMass": 0.10565999999995067,
            "visP": 13.511705196460209,
            "visTheta": 3.0624575647373997,
            "visPhi": -1.2390128313641555,
            "Daughters": [
                {
                    "PDGID": 13,
                    "Px": 0.3479231560640057,
                    "Py": -1.0098813970931118,
                    "Pz": -13.46941967411104,
                    "Mass": 0.10566,
                    "P": 13.511705196460209,
                    "Theta": 3.0624575647373997,
                    "Phi": -1.2390128313641555
                }
            ]
        },
        {
            "PDGID": -15,
            "Decay Type": -13,
            "Px": 1.7058945714959857,
            "Py": 4.8890131604386635,
            "Pz": 45.272754752276484,
            "Mass": 1.776819999999965,
            "P": 45.56791468601317,
            "Theta": 0.11388035836286574,
            "Phi": 1.235080304332598,
            "visPx": 1.0251107291136001,
            "visPy": 2.481936920707698,
            "visPz": 17.813648793590403,
            "visMass": 0.10566000000008516,
            "visP": 18.014908998568398,
            "visTheta": 0.14961773331129993,
            "visPhi": 1.1791091670264222,
            "Daughters": [
                {
                    "PDGID": -13,
                    "Px": 1.0251107291136001,
                    "Py": 2.481936920707698,
                    "Pz": 17.813648793590403,
                    "Mass": 0.10566,
                    "P": 18.014908998568398,
                    "Theta": 0.14961773331129993,
                    "Phi": 1.1791091670264222
                }
            ]
        }
    ],
    "Reco Info": [
        {
            "PDGID": -13,
            "Decay Type": -13,
            "Px": 1.0627188682556152,
            "Py": 2.5771381855010986,
            "Pz": 18.496646881103516,
            "Mass": 0.1056583598255394,
            "P": 18.705532830271125,
            "Theta": 0.14958551795662517,
            "Phi": 1.179677024282531,
            "Daughters": []
        }
    ],
    "Summary": {
        "Gen Taus ID": {
            "-13": 2
        },
        "Gen Daughters PDG": {
            "13": 2
        },
        "Reco Taus ID": {
            "-13": 1
        },
        "Reco Daughters PDG": {},
        "nRecoHadronTaus": 0,
        "nRecoElectrons": 0,
        "nRecoMuons": 1,
        "nGenTaus": 2
    }
}