{
    "Gen Info": [
        {
            "PDGID": 15,
            "Decay Type": -13,
            "Px": 24.02169490601544,
            "Py": 5.761047895823865,
            "Pz": 38.70279655919388,
            "Mass": 1.776819999999965,
            "P": 45.91446352205386,
            "Theta": 0.5680854833525094,
            "Phi": 0.23538127323880342,
            "visPx": 7.537677718481159,
            "visPy": 1.5164597963363178,
            "visPz": 12.375079827463011,
            "visMass": 0.10565999999995067,
            "visP": 14.569105546932992,
            "visTheta": 0.5559383683595891,
            "visPhi": 0.1985337161179658,
            "Daughters": [
                {
                    "PDGID": 13,
                    "Px": 7.537677718481159,
                    "Py": 1.5164597963363178,
                    "Pz": 12.375079827463011,
                    "Mass": 0.10566,
                    "P": 14.569105546932992,
                    "Theta": 0.5559383683595891,
                    "Phi": 0.1985337161179658
                }
            ]
        },
        {
            "PDGID": -15,
            "Decay Type": -13,
            "Px": -22.653413927141095,
            "Py": -5.76037455184493,
            "Pz": -38.70300976877653,
            "Mass": 1.776820000000093,
            "P": 45.213737322786585,
            "Theta": 2.5982805718749393,
            "Phi": -2.8925871568694608,
            "visPx": -15.084701586148075,
            "visPy": -3.0606802505265787,
            "visPz": -25.498882076766844,
            "visMass": 0.10566000000062314,
            "visP": 29.784374640135777,
            "visTheta": 2.598502985553394,
            "visPhi": -2.94141055666155,
            "Daughters": [
                {
                    "PDGID": -13,
                    "Px": -15.084701586148075,
                    "Py": -3.0606802505265787,
                    "Pz": -25.498882076766844,
                    "Mass": 0.10566,
                    "P": 29.784374640135777,
                    "Theta": 2.598502985553394,
                    "Phi": -2.94141055666155
                }
            ]
        }
    ],
    "Reco Info": [
        {
            "PDGID": -13,
            "Decay Type": -13,
            "Px": -15.012371063232422,
            "Py": -3.057018280029297,
            "Pz": -25.388885498046875,
            "Mass": 0.1056583598255394,
            "P": 29.65319801534982,
            "Theta": 2.5986534739148746,
            "Phi": -2.940706013845649,
            "Daughters": []
        }
    ],
    "Summary": {
        "Gen Taus ID": {
            "-13": 2
        },
        "Gen Daughters PDG": {
            "13": 2
        },
        "Reco Taus ID": {
            "-13": 1
        },
        "Reco Daughters PDG": {},
        "nRecoHadronTaus": 0,
        "nRecoElectrons": 0,
        "nRecoMuons": 1,
        "nGenTaus": 2
    }
}