{
    "Gen Info": [
        {
            "PDGID": 15,
            "Decay Type": -13,
            "Px": 31.832844615189487,
            "Py": 31.723478625949213,
            "Pz": 9.961896441216131,
            "Mass": 1.776819999999965,
            "P": 46.03203746448086,
            "Theta": 1.3526582065081103,
            "Phi": 0.7836773923440451,
            "visPx": 12.606963602664313,
            "visPy": 13.041112516796003,
            "visPz": 3.269671890144132,
            "visMass": 0.10566000000008516,
            "visP": 18.430868162510276,
            "visTheta": 1.3924504336712138,
            "visPhi": 0.8023237001858172,
            "Daughters": [
                {
                    "PDGID": 13,
                    "Px": 12.606963602664313,
                    "Py": 13.041112516796003,
                    "Pz": 3.269671890144132,
                    "Mass": 0.10566,
                    "P": 18.430868162510276,
                    "Theta": 1.3924504336712138,
                    "Phi": 0.8023237001858172
                }
            ]
        },
        {
            "PDGID": -15,
            "Decay Type": -11,
            "Px": -30.462824251952238,
            "Py": -31.72154406311015,
            "Pz": -9.96073624045823,
            "Mass": 1.776820000000093,
            "P": 45.093860841639476,
            "Theta": 1.7935221826482899,
            "Phi": -2.33595551411882,
            "visPx": -0.1260576125402731,
            "visPy": -0.0774119953166537,
            "visPz": -0.11642691994165487,
            "visMass": 0.0005110000000030175,
            "visP": 0.1882508071306993,
            "visTheta": 2.2375867315701625,
            "visPhi": -2.5908698759842403,
            "Daughters": [
                {
                    "PDGID": -11,
                    "Px": -0.1260576125402731,
                    "Py": -0.0774119953166537,
                    "Pz": -0.11642691994165487,
                    "Mass": 0.000511,
                    "P": 0.1882508071306993,
                    "Theta": 2.2375867315701625,
                    "Phi": -2.5908698759842403
                }
            ]
        }
    ],
    "Reco Info": [
        {
            "PDGID": 13,
            "Decay Type": -13,
            "Px": 12.583894729614258,
            "Py": 13.011907577514648,
            "Pz": 3.260779619216919,
            "Mass": 0.1056583598258084,
            "P": 18.392847226487177,
            "Theta": 1.3925690595489606,
            "Phi": 0.8021185988454876,
            "Daughters": []
        }
    ],
    "Summary": {
        "Gen Taus ID": {
            "-13": 1,
            "-11": 1
        },
        "Gen Daughters PDG": {
            "13": 1,
            "11": 1
        },
        "Reco Taus ID": {
            "-13": 1
        },
        "Reco Daughters PDG": {},
        "nRecoHadronTaus": 0,
        "nRecoElectrons": 0,
        "nRecoMuons": 1,
        "nGenTaus": 2
    }
}