{
    "Gen Info": [
        {
            "PDGID": 15,
            "Decay Type": -13,
            "Px": 41.88773046623893,
            "Py": 2.0647345373283166,
            "Pz": -19.339699484987833,
            "Mass": 1.776820000000093,
            "P": 46.182995447367375,
            "Theta": 2.0028783058980344,
            "Phi": 0.04925224430326704,
            "visPx": 0.3714532884846885,
            "visPy": -0.04490383704237001,
            "visPz": -0.10085752792460062,
            "visMass": 0.10566000000000005,
            "visP": 0.38751276243019217,
            "visTheta": 1.8340970374393015,
            "visPhi": -0.12030314534572589,
            "Daughters": [
                {
                    "PDGID": 13,
                    "Px": 0.3714532884846885,
                    "Py": -0.04490383704237001,
                    "Pz": -0.10085752792460062,
                    "Mass": 0.10566,
                    "P": 0.38751276243019217,
                    "Theta": 1.8340970374393015,
                    "Phi": -0.12030314534572589
                }
            ]
        },
        {
            "PDGID": -15,
            "Decay Type": -13,
            "Px": -40.519807873675674,
            "Py": -2.0647345373283166,
            "Pz": 19.33969966845008,
            "Mass": 1.776820000000029,
            "P": 44.94598916583185,
            "Theta": 1.1259850241401812,
            "Phi": -3.090680510252972,
            "visPx": -20.266241400714875,
            "visPy": -1.646027548790568,
            "visPz": 10.215062564724242,
            "visMass": 0.10566000000008516,
            "visP": 22.754723694315818,
            "visTheta": 1.1052393972283991,
            "visPhi": -3.0605503766120945,
            "Daughters": [
                {
                    "PDGID": -13,
                    "Px": -20.266241400714875,
                    "Py": -1.646027548790568,
                    "Pz": 10.215062564724242,
                    "Mass": 0.10566,
                    "P": 22.754723694315818,
                    "Theta": 1.1052393972283991,
                    "Phi": -3.0605503766120945
                }
            ]
        }
    ],
    "Reco Info": [
        {
            "PDGID": -13,
            "Decay Type": -13,
            "Px": -20.24144172668457,
            "Py": -1.6475629806518555,
            "Pz": 10.197918891906738,
            "Mass": 0.1056583598255394,
            "P": 22.72505174198488,
            "Theta": 1.105427669483007,
            "Phi": -3.0603761620966337,
            "Daughters": []
        }
    ],
    "Summary": {
        "Gen Taus ID": {
            "-13": 2
        },
        "Gen Daughters PDG": {
            "13": 2
        },
        "Reco Taus ID": {
            "-13": 1
        },
        "Reco Daughters PDG": {},
        "nRecoHadronTaus": 0,
        "nRecoElectrons": 0,
        "nRecoMuons": 1,
        "nGenTaus": 2
    }
}