{
    "Gen Info": [
        {
            "PDGID": 15,
            "Decay Type": -11,
            "Px": 10.51304509889978,
            "Py": -30.66219270207287,
            "Pz": 32.18966157504039,
            "Mass": 1.776819999999965,
            "P": 45.68225575501043,
            "Theta": 0.7888770561624068,
            "Phi": -1.240490412179352,
            "visPx": 0.7442210177715896,
            "visPy": -1.2461275389635849,
            "visPz": 1.63820796647138,
            "visMass": 0.0005110000003696519,
            "visP": 2.1887037506402542,
            "visTheta": 0.7250244764194689,
            "visPhi": -1.0324182881886481,
            "Daughters": [
                {
                    "PDGID": 11,
                    "Px": 0.7442210177715896,
                    "Py": -1.2461275389635849,
                    "Pz": 1.63820796647138,
                    "Mass": 0.000511,
                    "P": 2.1887037506402542,
                    "Theta": 0.7250244764194689,
                    "Phi": -1.0324182881886481
                }
            ]
        },
        {
            "PDGID": -15,
            "Decay Type": -11,
            "Px": -9.144059856124652,
            "Py": 30.662062294871458,
            "Pz": -32.2247743463938,
            "Mass": 1.776819999999965,
            "P": 45.41158416641032,
            "Theta": 2.3597490011980096,
            "Phi": 1.8606198829519243,
            "visPx": 0.038129764655000134,
            "visPy": 0.01979522590185843,
            "visPz": -0.03219035565111881,
            "visMass": 0.0005110000000000471,
            "visP": 0.05368378636140358,
            "visTheta": 2.2138337782734006,
            "visPhi": 0.4788532546535728,
            "Daughters": [
                {
                    "PDGID": -11,
                    "Px": 0.038129764655000134,
                    "Py": 0.01979522590185843,
                    "Pz": -0.03219035565111881,
                    "Mass": 0.000511,
                    "P": 0.05368378636140358,
                    "Theta": 2.2138337782734006,
                    "Phi": 0.4788532546535728
                }
            ]
        }
    ],
    "Reco Info": [],
    "Summary": {
        "Gen Taus ID": {
            "-11": 2
        },
        "Gen Daughters PDG": {
            "11": 2
        },
        "Reco Taus ID": {},
        "Reco Daughters PDG": {},
        "nRecoHadronTaus": 0,
        "nRecoElectrons": 0,
        "nRecoMuons": 0,
        "nGenTaus": 2
    }
}