{
    "Gen Info": [
        {
            "PDGID": 15,
            "Decay Type": -11,
            "Px": -44.02940082534763,
            "Py": -3.1522936438403404,
            "Pz": 8.178253125760898,
            "Mass": 1.776819999999965,
            "P": 44.89330592020526,
            "Theta": 1.3876024995409018,
            "Phi": -3.0701194106069445,
            "visPx": -0.1164790685586304,
            "visPy": 0.019891250839796613,
            "visPz": -0.03501778638759675,
            "visMass": 0.0005109999999996228,
            "visP": 0.12324479962962001,
            "visTheta": 1.8588972785915483,
            "visPhi": 2.972453216177456,
            "Daughters": [
                {
                    "PDGID": 11,
                    "Px": -0.1164790685586304,
                    "Py": 0.019891250839796613,
                    "Pz": -0.03501778638759675,
                    "Mass": 0.000511,
                    "P": 0.12324479962962001,
                    "Theta": 1.8588972785915483,
                    "Phi": 2.972453216177456
                }
            ]
        },
        {
            "PDGID": -15,
            "Decay Type": -13,
            "Px": 45.39732341408044,
            "Py": 3.15229364384034,
            "Pz": -8.178253037291949,
            "Mass": 1.776819999999965,
            "P": 46.23567617242758,
            "Theta": 1.7486137901210772,
            "Phi": 0.06932659522815562,
            "visPx": 9.6553234638264,
            "visPy": 1.193893079732725,
            "visPz": -1.4371266587664442,
            "visMass": 0.10566000000001792,
            "visP": 9.834428550266026,
            "visTheta": 1.7174536866361274,
            "visPhi": 0.12302680180207959,
            "Daughters": [
                {
                    "PDGID": -13,
                    "Px": 9.6553234638264,
                    "Py": 1.193893079732725,
                    "Pz": -1.4371266587664442,
                    "Mass": 0.10566,
                    "P": 9.834428550266026,
                    "Theta": 1.7174536866361274,
                    "Phi": 0.12302680180207959
                }
            ]
        }
    ],
    "Reco Info": [
        {
            "PDGID": -13,
            "Decay Type": -13,
            "Px": 9.654801368713379,
            "Py": 1.1927541494369507,
            "Pz": -1.4330205917358398,
            "Mass": 0.1056583598255394,
            "P": 9.833178527142062,
            "Theta": 1.7170503730177207,
            "Phi": 0.12291719752604705,
            "Daughters": []
        }
    ],
    "Summary": {
        "Gen Taus ID": {
            "-11": 1,
            "-13": 1
        },
        "Gen Daughters PDG": {
            "11": 1,
            "13": 1
        },
        "Reco Taus ID": {
            "-13": 1
        },
        "Reco Daughters PDG": {},
        "nRecoHadronTaus": 0,
        "nRecoElectrons": 0,
        "nRecoMuons": 1,
        "nGenTaus": 2
    }
}