{
    "Gen Info": [
        {
            "PDGID": 15,
            "Decay Type": -13,
            "Px": 3.455653135909785,
            "Py": -0.5843626315517031,
            "Pz": 45.46435625863645,
            "Mass": 1.776820000000093,
            "P": 45.599240216182245,
            "Theta": 0.07693491128779824,
            "Phi": -0.16751859447098225,
            "visPx": 2.373763033281335,
            "visPy": -0.020798170750381643,
            "visPz": 21.170781289557222,
            "visMass": 0.10566000000035415,
            "visP": 21.303454271839243,
            "visTheta": 0.11166237933300953,
            "visPhi": -0.008761463666634783,
            "Daughters": [
                {
                    "PDGID": 13,
                    "Px": 2.373763033281335,
                    "Py": -0.020798170750381643,
                    "Pz": 21.170781289557222,
                    "Mass": 0.10566,
                    "P": 21.303454271839243,
                    "Theta": 0.11166237933300953,
                    "Phi": -0.008761463666634783
                }
            ]
        },
        {
            "PDGID": -15,
            "Decay Type": -13,
            "Px": -2.0805715905850493,
            "Py": 0.5795694861674182,
            "Pz": -45.46868842549325,
            "Mass": 1.776820000000093,
            "P": 45.51995503147416,
            "Theta": 3.0941278008775144,
            "Phi": 2.8699173236793754,
            "visPx": -1.059102148374578,
            "visPy": -0.16801788854750593,
            "visPz": -28.22878881898966,
            "visMass": 0.10565999999954717,
            "visP": 28.249149466111,
            "visTheta": 3.10362321406562,
            "visPhi": -2.984261953287049,
            "Daughters": [
                {
                    "PDGID": -13,
                    "Px": -1.059102148374578,
                    "Py": -0.16801788854750593,
                    "Pz": -28.22878881898966,
                    "Mass": 0.10566,
                    "P": 28.249149466111,
                    "Theta": 3.10362321406562,
                    "Phi": -2.984261953287049
                }
            ]
        }
    ],
    "Reco Info": [],
    "Summary": {
        "Gen Taus ID": {
            "-13": 2
        },
        "Gen Daughters PDG": {
            "13": 2
        },
        "Reco Taus ID": {},
        "Reco Daughters PDG": {},
        "nRecoHadronTaus": 0,
        "nRecoElectrons": 0,
        "nRecoMuons": 0,
        "nGenTaus": 2
    }
}