{
    "Gen Info": [
        {
            "PDGID": 15,
            "Decay Type": -13,
            "Px": -23.08625415877907,
            "Py": -15.781398053706724,
            "Pz": -35.52051059938642,
            "Mass": 1.776820000000029,
            "P": 45.207679976464235,
            "Theta": 2.474653125417521,
            "Phi": -2.5419691912065074,
            "visPx": -9.68013588589108,
            "visPy": -5.964006970521575,
            "visPz": -14.549037225889958,
            "visMass": 0.10566000000008516,
            "visP": 18.464801491326085,
            "visTheta": 2.4782422044556953,
            "visPhi": -2.5894133177504663,
            "Daughters": [
                {
                    "PDGID": 13,
                    "Px": -9.68013588589108,
                    "Py": -5.964006970521575,
                    "Pz": -14.549037225889958,
                    "Mass": 0.10566,
                    "P": 18.464801491326085,
                    "Theta": 2.4782422044556953,
                    "Phi": -2.5894133177504663
                }
            ]
        },
        {
            "PDGID": -15,
            "Decay Type": -11,
            "Px": 24.454176084860116,
            "Py": 15.781398053706726,
            "Pz": 35.520468245315385,
            "Mass": 1.776819999999965,
            "P": 45.92126867678355,
            "Theta": 0.6864387457491287,
            "Phi": 0.5730963626900691,
            "visPx": 0.06081368477001251,
            "visPy": 0.11276048366811756,
            "visPz": 0.2240427324677621,
            "visMass": 0.0005110000000165966,
            "visP": 0.258085987422788,
            "visTheta": 0.5194479263450696,
            "visPhi": 1.0761917478766805,
            "Daughters": [
                {
                    "PDGID": -11,
                    "Px": 0.06081368477001251,
                    "Py": 0.11276048366811756,
                    "Pz": 0.2240427324677621,
                    "Mass": 0.000511,
                    "P": 0.258085987422788,
                    "Theta": 0.5194479263450696,
                    "Phi": 1.0761917478766805
                }
            ]
        }
    ],
    "Reco Info": [
        {
            "PDGID": 13,
            "Decay Type": -13,
            "Px": -9.627155303955078,
            "Py": -5.930768966674805,
            "Pz": -14.46874713897705,
            "Mass": 0.1056583598255394,
            "P": 18.363027624937015,
            "Theta": 2.4782334455399164,
            "Phi": -2.5894582126231653,
            "Daughters": []
        }
    ],
    "Summary": {
        "Gen Taus ID": {
            "-13": 1,
            "-11": 1
        },
        "Gen Daughters PDG": {
            "13": 1,
            "11": 1
        },
        "Reco Taus ID": {
            "-13": 1
        },
        "Reco Daughters PDG": {},
        "nRecoHadronTaus": 0,
        "nRecoElectrons": 0,
        "nRecoMuons": 1,
        "nGenTaus": 2
    }
}