{
    "Gen Info": [
        {
            "PDGID": 15,
            "Decay Type": -11,
            "Px": -1.40873209964149,
            "Py": -13.741094479659479,
            "Pz": 43.38729484638295,
            "Mass": 1.776819999999965,
            "P": 45.53306005216931,
            "Theta": 0.30822164506898503,
            "Phi": -1.6729590478980125,
            "visPx": -0.020892441819683655,
            "visPy": -0.1495126417467609,
            "visPz": 0.13721832057278152,
            "visMass": 0.0005110000000030175,
            "visP": 0.20400831274263992,
            "visTheta": 0.8330642104347326,
            "visPhi": -1.7096342740011397,
            "Daughters": [
                {
                    "PDGID": 11,
                    "Px": -0.020892441819683655,
                    "Py": -0.1495126417467609,
                    "Pz": 0.13721832057278152,
                    "Mass": 0.000511,
                    "P": 0.20400831274263992,
                    "Theta": 0.8330642104347326,
                    "Phi": -1.7096342740011397
                }
            ]
        },
        {
            "PDGID": -15,
            "Decay Type": -13,
            "Px": 2.7769539187219556,
            "Py": 13.738749091830993,
            "Pz": -43.380596443087825,
            "Mass": 1.776819999999965,
            "P": 45.5888237118818,
            "Theta": 2.829073604855917,
            "Phi": 1.3713576877548277,
            "visPx": -0.023416735191537103,
            "visPy": 0.19073530189935492,
            "visPz": -0.42580865618841934,
            "visMass": 0.10566000000000005,
            "visP": 0.4671630449453982,
            "visTheta": 2.717658317819355,
            "visPhi": 1.6929558674157723,
            "Daughters": [
                {
                    "PDGID": -13,
                    "Px": -0.023416735191537103,
                    "Py": 0.19073530189935492,
                    "Pz": -0.42580865618841934,
                    "Mass": 0.10566,
                    "P": 0.4671630449453982,
                    "Theta": 2.717658317819355,
                    "Phi": 1.6929558674157723
                }
            ]
        }
    ],
    "Reco Info": [],
    "Summary": {
        "Gen Taus ID": {
            "-11": 1,
            "-13": 1
        },
        "Gen Daughters PDG": {
            "11": 1,
            "13": 1
        },
        "Reco Taus ID": {},
        "Reco Daughters PDG": {},
        "nRecoHadronTaus": 0,
        "nRecoElectrons": 0,
        "nRecoMuons": 0,
        "nGenTaus": 2
    }
}