{
    "Gen Info": [
        {
            "PDGID": 15,
            "Decay Type": 0,
            "Px": -25.770830996459367,
            "Py": -30.22088640056739,
            "Pz": 21.507998326475732,
            "Mass": 1.776820000000029,
            "P": 45.166710053929684,
            "Theta": 1.074477928388811,
            "Phi": -2.276884170299196,
            "visPx": -21.045051330025295,
            "visPy": -24.799073347704002,
            "visPz": 16.82922880486134,
            "visMass": 0.1395699999995916,
            "visP": 36.6211846689123,
            "visTheta": 1.0933089903977713,
            "visPhi": -2.274490130663873,
            "Daughters": [
                {
                    "PDGID": -211,
                    "Px": -21.045051330025295,
                    "Py": -24.799073347704002,
                    "Pz": 16.82922880486134,
                    "Mass": 0.13957,
                    "P": 36.6211846689123,
                    "Theta": 1.0933089903977713,
                    "Phi": -2.274490130663873
                }
            ]
        },
        {
            "PDGID": -15,
            "Decay Type": 1,
            "Px": 27.136133916322123,
            "Py": 30.214688722434648,
            "Pz": -21.508425215408895,
            "Mass": 1.776819999999965,
            "P": 45.955516902380985,
            "Theta": 2.0578532207875515,
            "Phi": 0.8390260425216411,
            "visPx": 20.893784936490967,
            "visPy": 22.943430478832994,
            "visPz": -17.157591102362908,
            "visMass": 0.6695184947100734,
            "visP": 35.458908380620834,
            "visTheta": 2.0758706821405735,
            "visPhi": 0.8321199703556934,
            "Daughters": [
                {
                    "PDGID": 111,
                    "Px": 19.015940590546958,
                    "Py": 20.7232541076115,
                    "Pz": -15.645829578965088,
                    "Mass": 0.13498,
                    "P": 32.18464293053237,
                    "Theta": 2.078448872678689,
                    "Phi": 0.8283347208591967
                },
                {
                    "PDGID": 211,
                    "Px": 1.8778443459440093,
                    "Py": 2.2201763712214952,
                    "Pz": -1.5117615233978186,
                    "Mass": 0.13957,
                    "P": 3.2773320568032505,
                    "Theta": 2.050231502750001,
                    "Phi": 0.8687406043250593
                }
            ]
        }
    ],
    "Reco Info": [
        {
            "PDGID": 15,
            "Decay Type": 0,
            "Px": -20.907854080200195,
            "Py": -24.64105796813965,
            "Pz": 16.71753692626953,
            "Mass": 0.13957017660221174,
            "P": 36.384009412231464,
            "Theta": 1.0933924874152217,
            "Phi": -2.274416946204403,
            "Daughters": [
                {
                    "PDGID": -211,
                    "Px": -20.907854080200195,
                    "Py": -24.64105796813965,
                    "Pz": 16.71753692626953,
                    "Mass": 0.1395701766014099,
                    "P": 36.384009412231464,
                    "Theta": 1.0933924874152217,
                    "Phi": -2.274416946204403
                }
            ]
        },
        {
            "PDGID": -13,
            "Decay Type": -13,
            "Px": 1.880152702331543,
            "Py": 2.223227024078369,
            "Pz": -1.5097564458847046,
            "Mass": 0.10565835982562347,
            "P": 3.279798333825935,
            "Theta": 2.0491518412580274,
            "Phi": 0.8688119072809668,
            "Daughters": []
        }
    ],
    "Summary": {
        "Gen Taus ID": {
            "0": 1,
            "1": 1
        },
        "Gen Daughters PDG": {
            "211": 2,
            "111": 1
        },
        "Reco Taus ID": {
            "0": 1,
            "-13": 1
        },
        "Reco Daughters PDG": {
            "211": 1
        },
        "nRecoHadronTaus": 1,
        "nRecoElectrons": 0,
        "nRecoMuons": 1,
        "nGenTaus": 2
    }
}