{
    "Gen Info": [
        {
            "PDGID": 15,
            "Decay Type": 0,
            "Px": 18.70615273657262,
            "Py": 2.3658528016458593,
            "Pz": 41.777172614979925,
            "Mass": 1.776820000000093,
            "P": 45.83502548690103,
            "Theta": 0.4239569783674347,
            "Phi": 0.12580662374891596,
            "visPx": 2.01941569618393,
            "visPy": 0.22156347136149293,
            "visPz": 5.948703971302541,
            "visMass": 0.13957000000002434,
            "visP": 6.286032855786422,
            "visTheta": 0.32909021687753254,
            "visPhi": 0.1092795293897076,
            "Daughters": [
                {
                    "PDGID": -211,
                    "Px": 2.01941569618393,
                    "Py": 0.22156347136149293,
                    "Pz": 5.948703971302541,
                    "Mass": 0.13957,
                    "P": 6.286032855786422,
                    "Theta": 0.32909021687753254,
                    "Phi": 0.1092795293897076
                }
            ]
        },
        {
            "PDGID": -15,
            "Decay Type": 2,
            "Px": -17.338230145333664,
            "Py": -2.3658528016458593,
            "Pz": -41.77717289795575,
            "Mass": 1.776819999999965,
            "P": 45.293969349101,
            "Theta": 2.7449318160237945,
            "Phi": -3.0059772489649936,
            "visPx": -7.626627092787071,
            "visPy": -0.8952429500516672,
            "visPz": -19.802252298139038,
            "visMass": 0.9121212100059067,
            "visP": 21.239022972613494,
            "visTheta": 2.7716617172988003,
            "visPhi": -3.024743519621455,
            "Daughters": [
                {
                    "PDGID": 111,
                    "Px": -2.840972176531105,
                    "Py": -0.48544826572772687,
                    "Pz": -7.641998131305377,
                    "Mass": 0.13498,
                    "P": 8.167430340406757,
                    "Theta": 2.7809418891121616,
                    "Phi": -2.9723531732013333
                },
                {
                    "PDGID": 111,
                    "Px": -3.125701413179915,
                    "Py": -0.003405051353039085,
                    "Pz": -7.6692993708536354,
                    "Mass": 0.13498,
                    "P": 8.281797737116356,
                    "Theta": 2.754585667888491,
                    "Phi": -3.1405032820996945
                },
                {
                    "PDGID": 211,
                    "Px": -1.659953503076052,
                    "Py": -0.4063896329709013,
                    "Pz": -4.490954795980024,
                    "Mass": 0.13957,
                    "P": 4.805129878129899,
                    "Theta": 2.7779762329480797,
                    "Phi": -2.9014952995685355
                }
            ]
        }
    ],
    "Reco Info": [
        {
            "PDGID": 15,
            "Decay Type": 0,
            "Px": 2.0261476039886475,
            "Py": 0.2145664393901825,
            "Pz": 5.963873386383057,
            "Mass": 0.13957017660142265,
            "P": 6.302308992652584,
            "Theta": 0.32920473628485564,
            "Phi": 0.10550549487754324,
            "Daughters": [
                {
                    "PDGID": -211,
                    "Px": 2.0261476039886475,
                    "Py": 0.2145664393901825,
                    "Pz": 5.963873386383057,
                    "Mass": 0.1395701766014099,
                    "P": 6.302308992652584,
                    "Theta": 0.32920473628485564,
                    "Phi": 0.10550549487754324
                }
            ]
        },
        {
            "PDGID": -11,
            "Decay Type": -11,
            "Px": -1.6673355102539062,
            "Py": -0.40237486362457275,
            "Pz": -4.515574932098389,
            "Mass": 0.0005109988862346474,
            "P": 4.830355080325453,
            "Theta": 2.778584560935897,
            "Phi": -2.904792310816579,
            "Daughters": []
        }
    ],
    "Summary": {
        "Gen Taus ID": {
            "0": 1,
            "2": 1
        },
        "Gen Daughters PDG": {
            "211": 2,
            "111": 2
        },
        "Reco Taus ID": {
            "0": 1,
            "-11": 1
        },
        "Reco Daughters PDG": {
            "211": 1
        },
        "nRecoHadronTaus": 1,
        "nRecoElectrons": 1,
        "nRecoMuons": 0,
        "nGenTaus": 2
    }
}