{
    "Gen Info": [
        {
            "PDGID": 15,
            "Decay Type": 0,
            "Px": -37.93279816594686,
            "Py": 24.038170594597478,
            "Pz": 2.2884103960279334,
            "Mass": 1.776820000000093,
            "P": 44.966294536842604,
            "Theta": 1.5198826504693526,
            "Phi": 2.5767586645467384,
            "visPx": -2.1223977342799842,
            "visPy": 1.0058684184972937,
            "visPz": -0.1162891443143285,
            "visMass": 0.1395699999999957,
            "visP": 2.3515668357272808,
            "visTheta": 1.620268275397601,
            "visPhi": 2.6990175260013887,
            "Daughters": [
                {
                    "PDGID": -211,
                    "Px": -2.1223977342799842,
                    "Py": 1.0058684184972937,
                    "Pz": -0.1162891443143285,
                    "Mass": 0.13957,
                    "P": 2.3515668357272808,
                    "Theta": 1.620268275397601,
                    "Phi": 2.6990175260013887
                }
            ]
        },
        {
            "PDGID": -15,
            "Decay Type": 0,
            "Px": 39.30174032272326,
            "Py": -24.036900603381607,
            "Pz": -2.2502144695490434,
            "Mass": 1.776819999999837,
            "P": 46.12442788990002,
            "Theta": 1.619601442288343,
            "Phi": -0.5489044694153359,
            "visPx": 11.619400870585837,
            "visPy": -7.750996338648405,
            "visPz": -0.08922133519514888,
            "visMass": 0.13956999999989705,
            "visP": 13.967690620849458,
            "visTheta": 1.5771840643509811,
            "visPhi": -0.5882843195797789,
            "Daughters": [
                {
                    "PDGID": 211,
                    "Px": 11.619400870585837,
                    "Py": -7.750996338648405,
                    "Pz": -0.08922133519514888,
                    "Mass": 0.13957,
                    "P": 13.967690620849458,
                    "Theta": 1.5771840643509811,
                    "Phi": -0.5882843195797789
                }
            ]
        }
    ],
    "Reco Info": [
        {
            "PDGID": 15,
            "Decay Type": 0,
            "Px": -2.1319148540496826,
            "Py": 1.0105102062225342,
            "Pz": -0.11711326241493225,
            "Mass": 0.1395701766014099,
            "P": 2.3621827486524105,
            "Theta": 1.6203950690563815,
            "Phi": 2.698967221201353,
            "Daughters": [
                {
                    "PDGID": -211,
                    "Px": -2.1319148540496826,
                    "Py": 1.0105102062225342,
                    "Pz": -0.11711326241493225,
                    "Mass": 0.1395701766014099,
                    "P": 2.3621827486524105,
                    "Theta": 1.6203950690563815,
                    "Phi": 2.698967221201353
                }
            ]
        },
        {
            "PDGID": -15,
            "Decay Type": 0,
            "Px": 11.676135063171387,
            "Py": -7.797159671783447,
            "Pz": -0.0904245600104332,
            "Mass": 0.13957017660139717,
            "P": 14.040513009208729,
            "Theta": 1.5772366317219326,
            "Phi": -0.5887771347789218,
            "Daughters": [
                {
                    "PDGID": 211,
                    "Px": 11.676135063171387,
                    "Py": -7.797159671783447,
                    "Pz": -0.0904245600104332,
                    "Mass": 0.1395701766014099,
                    "P": 14.040513009208729,
                    "Theta": 1.5772366317219326,
                    "Phi": -0.5887771347789218
                }
            ]
        }
    ],
    "Summary": {
        "Gen Taus ID": {
            "0": 2
        },
        "Gen Daughters PDG": {
            "211": 2
        },
        "Reco Taus ID": {
            "0": 2
        },
        "Reco Daughters PDG": {
            "211": 2
        },
        "nRecoHadronTaus": 2,
        "nRecoElectrons": 0,
        "nRecoMuons": 0,
        "nGenTaus": 2
    }
}