{
    "Gen Info": [
        {
            "PDGID": 15,
            "Decay Type": -11,
            "Px": 6.278844940332105,
            "Py": 39.24043391694784,
            "Pz": 22.458878804039056,
            "Mass": 1.776819999999965,
            "P": 45.64687048319523,
            "Theta": 1.0563952178110372,
            "Phi": 1.412131733929846,
            "visPx": 1.0431753584780281,
            "visPy": 10.435424083039067,
            "visPz": 5.603727462000804,
            "visMass": 0.0005109999882028241,
            "visP": 11.890670800665095,
            "visTheta": 1.0800651224341449,
            "visPhi": 1.4711624996190984,
            "Daughters": [
                {
                    "PDGID": 11,
                    "Px": 1.0431753584780281,
                    "Py": 10.435424083039067,
                    "Pz": 5.603727462000804,
                    "Mass": 0.000511,
                    "P": 11.890670800665095,
                    "Theta": 1.0800651224341449,
                    "Phi": 1.4711624996190984
                }
            ]
        },
        {
            "PDGID": -15,
            "Decay Type": -13,
            "Px": -4.910702524036332,
            "Py": -39.241947473524554,
            "Pz": -22.459177022542733,
            "Mass": 1.776819999999965,
            "P": 45.48032622271248,
            "Theta": 2.0872757147654197,
            "Phi": -1.6952882924180535,
            "visPx": -0.43689820326688883,
            "visPy": -1.8970444273214166,
            "visPz": -1.1725050181808254,
            "visMass": 0.1056599999999969,
            "visP": 2.2725372641407438,
            "visTheta": 2.1129071811318556,
            "visPhi": -1.7971540644723454,
            "Daughters": [
                {
                    "PDGID": -13,
                    "Px": -0.43689820326688883,
                    "Py": -1.8970444273214166,
                    "Pz": -1.1725050181808254,
                    "Mass": 0.10566,
                    "P": 2.2725372641407438,
                    "Theta": 2.1129071811318556,
                    "Phi": -1.7971540644723454
                }
            ]
        }
    ],
    "Reco Info": [
        {
            "PDGID": -15,
            "Decay Type": 0,
            "Px": -0.4341728091239929,
            "Py": -1.8895201683044434,
            "Pz": -1.1706328392028809,
            "Mass": 0.13957017660140672,
            "P": 2.2647679216273064,
            "Theta": 2.1140087443381566,
            "Phi": -1.796655187399411,
            "Daughters": [
                {
                    "PDGID": 211,
                    "Px": -0.4341728091239929,
                    "Py": -1.8895201683044434,
                    "Pz": -1.1706328392028809,
                    "Mass": 0.1395701766014099,
                    "P": 2.2647679216273064,
                    "Theta": 2.1140087443381566,
                    "Phi": -1.796655187399411
                }
            ]
        },
        {
            "PDGID": 11,
            "Decay Type": -11,
            "Px": 1.0239288806915283,
            "Py": 10.184591293334961,
            "Pz": 5.47042989730835,
            "Mass": 0.0005109988479959613,
            "P": 11.60603004590086,
            "Theta": 1.0799825379490404,
            "Phi": 1.470595958618544,
            "Daughters": []
        }
    ],
    "Summary": {
        "Gen Taus ID": {
            "-11": 1,
            "-13": 1
        },
        "Gen Daughters PDG": {
            "11": 1,
            "13": 1
        },
        "Reco Taus ID": {
            "0": 1,
            "-11": 1
        },
        "Reco Daughters PDG": {
            "211": 1
        },
        "nRecoHadronTaus": 1,
        "nRecoElectrons": 1,
        "nRecoMuons": 0,
        "nGenTaus": 2
    }
}