{
    "Gen Info": [
        {
            "PDGID": 15,
            "Decay Type": 1,
            "Px": 34.10132553709117,
            "Py": -27.26573826004618,
            "Pz": 14.161375028248285,
            "Mass": 1.776819999999965,
            "P": 45.90060379714745,
            "Theta": 1.2571568224364589,
            "Phi": -0.6744669108142081,
            "visPx": 6.696504816112538,
            "visPy": -5.016177872966139,
            "visPz": 2.8225242633538397,
            "visMass": 0.7128641789734179,
            "visP": 8.830167632761828,
            "visTheta": 1.2454408815161648,
            "visPhi": -0.6429082267888786,
            "Daughters": [
                {
                    "PDGID": 111,
                    "Px": 1.3592409449490732,
                    "Py": -0.719438336289022,
                    "Pz": 0.5015704483491844,
                    "Mass": 0.13498,
                    "P": 1.6176218287367314,
                    "Theta": 1.2555332765279084,
                    "Phi": -0.48680739272510476
                },
                {
                    "PDGID": -211,
                    "Px": 5.337263871163464,
                    "Py": -4.2967395366771175,
                    "Pz": 2.320953815004655,
                    "Mass": 0.13957,
                    "P": 7.2343059714015245,
                    "Theta": 1.2441948136771255,
                    "Phi": -0.6778098211336403
                }
            ]
        },
        {
            "PDGID": -15,
            "Decay Type": 10,
            "Px": -32.73938555610509,
            "Py": 27.263320571031926,
            "Pz": -13.682401814798775,
            "Mass": 1.776820000000029,
            "P": 44.74778357161128,
            "Theta": 1.8815403815335676,
            "Phi": 2.447206002709709,
            "visPx": -20.808681974754172,
            "visPy": 16.79416276908318,
            "visPz": -8.42948407793287,
            "visMass": 1.2095560905843876,
            "visP": 28.037499005101054,
            "visTheta": 1.8761708130717163,
            "visPhi": 2.4625526741646566,
            "Daughters": [
                {
                    "PDGID": 211,
                    "Px": -6.3413570833685435,
                    "Py": 5.235247665262602,
                    "Pz": -2.2783901278152774,
                    "Mass": 0.13957,
                    "P": 8.532976582058106,
                    "Theta": 1.841085379300633,
                    "Phi": 2.45145227838519
                },
                {
                    "PDGID": 211,
                    "Px": -5.926746801305188,
                    "Py": 5.144491276350088,
                    "Pz": -2.809529660343705,
                    "Mass": 0.13957,
                    "P": 8.335800804456309,
                    "Theta": 1.9145714918502683,
                    "Phi": 2.426733813876384
                },
                {
                    "PDGID": -211,
                    "Px": -8.540578090080443,
                    "Py": 6.414423827470489,
                    "Pz": -3.341564289773887,
                    "Mass": 0.13957,
                    "P": 11.191620037057875,
                    "Theta": 1.8739979908499709,
                    "Phi": 2.497418187600162
                }
            ]
        }
    ],
    "Reco Info": [
        {
            "PDGID": -15,
            "Decay Type": -1,
            "Px": 0.0,
            "Py": 0.0,
            "Pz": 0.0,
            "Mass": 0.0,
            "P": 0.0,
            "Theta": 0.0,
            "Phi": 0.0,
            "Daughters": []
        },
        {
            "PDGID": 15,
            "Decay Type": 2,
            "Px": 6.559952080249786,
            "Py": -4.946224711835384,
            "Pz": 2.757654532790184,
            "Mass": 0.6783581363598555,
            "P": 8.666185361354946,
            "Theta": 1.24695708312258,
            "Phi": -0.6460582231596986,
            "Daughters": [
                {
                    "PDGID": -211,
                    "Px": 5.340014934539795,
                    "Py": -4.300960063934326,
                    "Pz": 2.321756601333618,
                    "Mass": 0.1395701766014099,
                    "P": 7.239100129746946,
                    "Theta": 1.24430205482787,
                    "Phi": -0.678037688251221
                },
                {
                    "PDGID": 22,
                    "Px": 0.18607193231582642,
                    "Py": -0.0787830576300621,
                    "Pz": 0.02404366433620453,
                    "Mass": 0.0,
                    "P": 0.20348865314802997,
                    "Theta": 1.452362376989218,
                    "Phi": -0.4005155711020329
                },
                {
                    "PDGID": 22,
                    "Px": 1.033865213394165,
                    "Py": -0.5664815902709961,
                    "Pz": 0.41185426712036133,
                    "Mass": 0.0,
                    "P": 1.248760428956559,
                    "Theta": 1.2346935193032296,
                    "Phi": -0.5012494638433105
                }
            ]
        }
    ],
    "Summary": {
        "Gen Taus ID": {
            "1": 1,
            "10": 1
        },
        "Gen Daughters PDG": {
            "111": 1,
            "211": 4
        },
        "Reco Taus ID": {
            "-1": 1,
            "2": 1
        },
        "Reco Daughters PDG": {
            "211": 1,
            "22": 2
        },
        "nRecoHadronTaus": 2,
        "nRecoElectrons": 0,
        "nRecoMuons": 0,
        "nGenTaus": 2
    }
}