{
    "Gen Info": [
        {
            "PDGID": 15,
            "Decay Type": 0,
            "Px": 36.976274403593976,
            "Py": -4.881863742217908,
            "Pz": 25.438050634942222,
            "Mass": 1.776820000000093,
            "P": 45.146117025424736,
            "Theta": 0.9722278202726296,
            "Phi": -0.13126772257621835,
            "visPx": 14.163777899299497,
            "visPy": -2.7259405576991087,
            "visPz": 9.675344304989384,
            "visMass": 0.1395700000002025,
            "visP": 17.36823663256821,
            "visTheta": 0.9799414237676106,
            "visPhi": -0.19013378872978734,
            "Daughters": [
                {
                    "PDGID": -211,
                    "Px": 14.163777899299497,
                    "Py": -2.7259405576991087,
                    "Pz": 9.675344304989384,
                    "Mass": 0.13957,
                    "P": 17.36823663256821,
                    "Theta": 0.9799414237676106,
                    "Phi": -0.19013378872978734
                }
            ]
        },
        {
            "PDGID": -15,
            "Decay Type": 1,
            "Px": -36.18967373230548,
            "Py": 4.993847003145176,
            "Pz": -26.244039046247874,
            "Mass": 1.776820000000093,
            "P": 44.98200282560267,
            "Theta": 2.193747108003764,
            "Phi": 3.0044676951963245,
            "visPx": -25.14865696576262,
            "visPy": 2.7669396457654667,
            "visPz": -17.937090441316077,
            "visMass": 0.7073114620350311,
            "visP": 31.013708512283113,
            "visTheta": 2.187513318090078,
            "visPhi": 3.032010049808722,
            "Daughters": [
                {
                    "PDGID": 111,
                    "Px": -17.632598357462715,
                    "Py": 1.876256074084654,
                    "Pz": -12.919064116961186,
                    "Mass": 0.13498,
                    "P": 21.939258860528778,
                    "Theta": 2.2004390062458814,
                    "Phi": 3.0355831871905425
                },
                {
                    "PDGID": 211,
                    "Px": -7.516058608299902,
                    "Py": 0.8906835716808128,
                    "Pz": -5.01802632435489,
                    "Mass": 0.13957,
                    "P": 9.081026506963836,
                    "Theta": 2.1562572496319627,
                    "Phi": 3.023638677160784
                }
            ]
        }
    ],
    "Reco Info": [
        {
            "PDGID": -15,
            "Decay Type": 2,
            "Px": -25.723554611206055,
            "Py": 2.8331074118614197,
            "Pz": -18.589247226715088,
            "Mass": 0.8178957140004505,
            "P": 31.863582220126773,
            "Theta": 2.1937062819454263,
            "Phi": 3.0318980633214254,
            "Daughters": [
                {
                    "PDGID": 211,
                    "Px": -7.549834251403809,
                    "Py": 0.8952223658561707,
                    "Pz": -5.045842170715332,
                    "Mass": 0.1395701766014099,
                    "P": 9.124798272826004,
                    "Theta": 2.156734409112957,
                    "Phi": 3.0235686342770545
                },
                {
                    "PDGID": 22,
                    "Px": -6.978949546813965,
                    "Py": 0.6915675401687622,
                    "Pz": -5.244639873504639,
                    "Mass": 0.0,
                    "P": 8.757296948393646,
                    "Theta": 2.2129081330697145,
                    "Phi": 3.0428217476056654
                },
                {
                    "PDGID": 22,
                    "Px": -11.194770812988281,
                    "Py": 1.2463175058364868,
                    "Pz": -8.298765182495117,
                    "Mass": 0.0,
                    "P": 13.990915067817472,
                    "Theta": 2.205766937010559,
                    "Phi": 3.0307188941751693
                }
            ]
        },
        {
            "PDGID": 15,
            "Decay Type": 1,
            "Px": 14.688414216041565,
            "Py": -2.828265592455864,
            "Pz": 10.42136549949646,
            "Mass": 1.392580495741824,
            "P": 18.230563823359297,
            "Theta": 0.9622900149106991,
            "Phi": -0.19022269428946392,
            "Daughters": [
                {
                    "PDGID": -211,
                    "Px": 14.117891311645508,
                    "Py": -2.7192161083221436,
                    "Pz": 9.642334938049316,
                    "Mass": 0.1395701766014099,
                    "P": 17.311372400497913,
                    "Theta": 0.9800340681102101,
                    "Phi": -0.1902776849974274
                },
                {
                    "PDGID": 22,
                    "Px": 0.5705229043960571,
                    "Py": -0.1090494841337204,
                    "Pz": 0.7790305614471436,
                    "Mass": 0.0,
                    "P": 0.9717390545300703,
                    "Theta": 0.6406841584907547,
                    "Phi": -0.18886154989011347
                }
            ]
        }
    ],
    "Summary": {
        "Gen Taus ID": {
            "0": 1,
            "1": 1
        },
        "Gen Daughters PDG": {
            "211": 2,
            "111": 1
        },
        "Reco Taus ID": {
            "2": 1,
            "1": 1
        },
        "Reco Daughters PDG": {
            "211": 2,
            "22": 3
        },
        "nRecoHadronTaus": 2,
        "nRecoElectrons": 0,
        "nRecoMuons": 0,
        "nGenTaus": 2
    }
}