{
    "Gen Info": [
        {
            "PDGID": 15,
            "Decay Type": -11,
            "Px": 8.412482748049412,
            "Py": -16.692657164923645,
            "Pz": 41.649008191180904,
            "Mass": 1.776819999999965,
            "P": 45.65144633547726,
            "Theta": 0.4218667863084127,
            "Phi": -1.1039832904625602,
            "visPx": 2.7679699722162128,
            "visPy": -5.706762478203312,
            "visPz": 12.821349639560362,
            "visMass": 0.0005109999882028241,
            "visP": 14.304398006542408,
            "visTheta": 0.45939209460035485,
            "visPhi": -1.1191935884960182,
            "Daughters": [
                {
                    "PDGID": 11,
                    "Px": 2.7679699722162128,
                    "Py": -5.706762478203312,
                    "Pz": 12.821349639560362,
                    "Mass": 0.000511,
                    "P": 14.304398006542408,
                    "Theta": 0.45939209460035485,
                    "Phi": -1.1191935884960182
                }
            ]
        },
        {
            "PDGID": -15,
            "Decay Type": 1,
            "Px": -7.047165997324277,
            "Py": 16.69019577968653,
            "Pz": -41.67933140987152,
            "Mass": 1.776820000000093,
            "P": 45.44658238560973,
            "Theta": 2.7315553598145534,
            "Phi": 1.9703217083771467,
            "visPx": -2.734291335769395,
            "visPy": 8.108503733441585,
            "visPz": -19.2304744702449,
            "visMass": 0.8143671339499157,
            "visP": 21.048404458648182,
            "visTheta": 2.7229239565121706,
            "visPhi": 1.896034337951512,
            "Daughters": [
                {
                    "PDGID": 111,
                    "Px": -1.2522496025092626,
                    "Py": 4.0134739927462135,
                    "Pz": -8.537836107688824,
                    "Mass": 0.13498,
                    "P": 9.516866498968549,
                    "Theta": 2.684018506048954,
                    "Phi": 1.8732359946597772
                },
                {
                    "PDGID": 211,
                    "Px": -1.4820417332601323,
                    "Py": 4.095029740695372,
                    "Pz": -10.692638362556076,
                    "Mass": 0.13957,
                    "P": 11.5454853266855,
                    "Theta": 2.754820852651429,
                    "Phi": 1.918043796663218
                }
            ]
        }
    ],
    "Reco Info": [
        {
            "PDGID": -15,
            "Decay Type": 2,
            "Px": -2.8097270354628563,
            "Py": 8.353104367852211,
            "Pz": -19.906460523605347,
            "Mass": 0.7887256199402557,
            "P": 21.770073246819834,
            "Theta": 2.724808869817848,
            "Phi": 1.8952766684102156,
            "Daughters": [
                {
                    "PDGID": 211,
                    "Px": -1.4724252223968506,
                    "Py": 4.069843292236328,
                    "Pz": -10.63882064819336,
                    "Mass": 0.1395701766014099,
                    "P": 11.485476274118406,
                    "Theta": 2.755226971495657,
                    "Phi": 1.917934899439977
                },
                {
                    "PDGID": 22,
                    "Px": -0.08453782647848129,
                    "Py": 0.2182614952325821,
                    "Pz": -0.41417479515075684,
                    "Mass": 0.0,
                    "P": 0.4757367815767871,
                    "Theta": 2.6272098316547945,
                    "Phi": 1.940327229649947
                },
                {
                    "PDGID": 22,
                    "Px": -1.2527639865875244,
                    "Py": 4.064999580383301,
                    "Pz": -8.85346508026123,
                    "Mass": 0.0,
                    "P": 9.822295206417493,
                    "Theta": 2.693705671856816,
                    "Phi": 1.8697435002183171
                }
            ]
        },
        {
            "PDGID": 11,
            "Decay Type": -11,
            "Px": 2.676933526992798,
            "Py": -5.531342506408691,
            "Pz": 12.42119026184082,
            "Mass": 0.0005109988479959613,
            "P": 13.858127238266754,
            "Theta": 0.45941764038833555,
            "Phi": -1.1200650576677642,
            "Daughters": []
        }
    ],
    "Summary": {
        "Gen Taus ID": {
            "-11": 1,
            "1": 1
        },
        "Gen Daughters PDG": {
            "11": 1,
            "111": 1,
            "211": 1
        },
        "Reco Taus ID": {
            "2": 1,
            "-11": 1
        },
        "Reco Daughters PDG": {
            "211": 1,
            "22": 2
        },
        "nRecoHadronTaus": 1,
        "nRecoElectrons": 1,
        "nRecoMuons": 0,
        "nGenTaus": 2
    }
}