{
    "Gen Info": [
        {
            "PDGID": 15,
            "Decay Type": 1,
            "Px": -39.252356136275665,
            "Py": -21.743803124545856,
            "Pz": -2.8727081923607902,
            "Mass": 1.776820000000029,
            "P": 44.964351312194914,
            "Theta": 1.6347284415941332,
            "Phi": -2.6357226433285788,
            "visPx": -34.7737670846398,
            "visPy": -19.43561753582919,
            "visPz": -2.366870909661896,
            "visMass": 1.5184827708128819,
            "visP": 39.906893942761485,
            "visTheta": 1.630140979214885,
            "visPhi": -2.631929866300328,
            "Daughters": [
                {
                    "PDGID": 111,
                    "Px": -19.225625190807108,
                    "Py": -10.678266252789516,
                    "Pz": -1.6471999462196572,
                    "Mass": 0.13498,
                    "P": 22.053645998013263,
                    "Theta": 1.6455565428110734,
                    "Phi": -2.634598952101974
                },
                {
                    "PDGID": -211,
                    "Px": -0.8206113381300729,
                    "Py": -0.4113010434898515,
                    "Pz": -0.09553211070558842,
                    "Mass": 0.13957,
                    "P": 0.9228748023536748,
                    "Theta": 1.6744978810186957,
                    "Phi": -2.676975141924168
                },
                {
                    "PDGID": 221,
                    "Px": -14.727530555702614,
                    "Py": -8.346050239549824,
                    "Pz": -0.6241388527366505,
                    "Mass": 0.54785,
                    "P": 16.93948819113905,
                    "Theta": 1.6076498698660973,
                    "Phi": -2.626020539163395
                }
            ]
        },
        {
            "PDGID": -15,
            "Decay Type": 0,
            "Px": 40.62006711534633,
            "Py": 21.741855493062836,
            "Pz": 2.8739716196727447,
            "Mass": 1.776819999999965,
            "P": 46.162298963625624,
            "Theta": 1.5084980543349493,
            "Phi": 0.49144767505214476,
            "visPx": 38.56492368699346,
            "visPy": 21.048425062924004,
            "visPz": 2.6400157605443324,
            "visMass": 0.13957000000040615,
            "visP": 44.01430699021716,
            "visTheta": 1.5107794480058137,
            "visPhi": 0.49960672593465305,
            "Daughters": [
                {
                    "PDGID": 211,
                    "Px": 38.56492368699346,
                    "Py": 21.048425062924004,
                    "Pz": 2.6400157605443324,
                    "Mass": 0.13957,
                    "P": 44.01430699021716,
                    "Theta": 1.5107794480058137,
                    "Phi": 0.49960672593465305
                }
            ]
        }
    ],
    "Reco Info": [
        {
            "PDGID": -15,
            "Decay Type": -1,
            "Px": 0.0,
            "Py": 0.0,
            "Pz": 0.0,
            "Mass": 0.0,
            "P": 0.0,
            "Theta": 0.0,
            "Phi": 0.0,
            "Daughters": []
        },
        {
            "PDGID": -15,
            "Decay Type": 0,
            "Px": 38.61717224121094,
            "Py": 21.07747459411621,
            "Pz": 2.6383564472198486,
            "Mass": 0.13957017660221174,
            "P": 44.07387947430488,
            "Theta": 1.5108983833297525,
            "Phi": 0.49961735400957274,
            "Daughters": [
                {
                    "PDGID": 211,
                    "Px": 38.61717224121094,
                    "Py": 21.07747459411621,
                    "Pz": 2.6383564472198486,
                    "Mass": 0.1395701766014099,
                    "P": 44.07387947430488,
                    "Theta": 1.5108983833297525,
                    "Phi": 0.49961735400957274
                }
            ]
        }
    ],
    "Summary": {
        "Gen Taus ID": {
            "1": 1,
            "0": 1
        },
        "Gen Daughters PDG": {
            "111": 1,
            "211": 2,
            "221": 1
        },
        "Reco Taus ID": {
            "-1": 1,
            "0": 1
        },
        "Reco Daughters PDG": {
            "211": 1
        },
        "nRecoHadronTaus": 2,
        "nRecoElectrons": 0,
        "nRecoMuons": 0,
        "nGenTaus": 2
    }
}