{
    "Gen Info": [
        {
            "PDGID": 15,
            "Decay Type": -11,
            "Px": 24.358063411689567,
            "Py": 35.32733418247521,
            "Pz": 10.43310894910199,
            "Mass": 1.776820000000029,
            "P": 44.1609052890903,
            "Theta": 1.3322893283713562,
            "Phi": 0.9671547195796666,
            "visPx": 9.102597913782894,
            "visPy": 13.601237893466921,
            "visPz": 4.53807107604189,
            "visMass": 0.0005109999325830361,
            "visP": 16.983670101185233,
            "visTheta": 1.3003080135660665,
            "visPhi": 0.9810089445848329,
            "Daughters": [
                {
                    "PDGID": 11,
                    "Px": 9.102597913782894,
                    "Py": 13.601237893466921,
                    "Pz": 4.53807107604189,
                    "Mass": 0.000511,
                    "P": 16.983670101185233,
                    "Theta": 1.3003080135660665,
                    "Phi": 0.9810089445848329
                }
            ]
        },
        {
            "PDGID": -15,
            "Decay Type": 1,
            "Px": -22.74176979223664,
            "Py": -37.06477266286008,
            "Pz": -10.831498316611688,
            "Mass": 1.776820000000029,
            "P": 44.81413640376604,
            "Theta": 1.8149119358604893,
            "Phi": -2.121132832564591,
            "visPx": -14.998400343328376,
            "visPy": -25.427007100084197,
            "visPz": -7.680677059322105,
            "visMass": 0.9981506253402147,
            "visP": 30.50372932964233,
            "visTheta": 1.8253305742375123,
            "visPhi": -2.103727337451372,
            "Daughters": [
                {
                    "PDGID": 111,
                    "Px": -12.45627958389903,
                    "Py": -21.506461148777102,
                    "Pz": -6.181221889702987,
                    "Mass": 0.13498,
                    "P": 25.610432957407458,
                    "Theta": 1.814558851728323,
                    "Phi": -2.095772142293854
                },
                {
                    "PDGID": 211,
                    "Px": -2.5421207594293453,
                    "Py": -3.920545951307093,
                    "Pz": -1.499455169619118,
                    "Mass": 0.13957,
                    "P": 4.907282783529962,
                    "Theta": 1.8813197991892465,
                    "Phi": -2.1460529055703708
                }
            ]
        }
    ],
    "Reco Info": [
        {
            "PDGID": -11,
            "Decay Type": -11,
            "Px": -2.5421979427337646,
            "Py": -3.9180028438568115,
            "Pz": -1.5020579099655151,
            "Mass": 0.0005109988827584033,
            "P": 4.906087507311689,
            "Theta": 1.881955205703002,
            "Phi": -2.14636300952212,
            "Daughters": []
        },
        {
            "PDGID": 11,
            "Decay Type": -11,
            "Px": 8.987034797668457,
            "Py": 13.425086975097656,
            "Pz": 4.4744648933410645,
            "Mass": 0.0005109988201860062,
            "P": 16.76366877581343,
            "Theta": 1.3006064621381324,
            "Phi": 0.9808893183775634,
            "Daughters": []
        }
    ],
    "Summary": {
        "Gen Taus ID": {
            "-11": 1,
            "1": 1
        },
        "Gen Daughters PDG": {
            "11": 1,
            "111": 1,
            "211": 1
        },
        "Reco Taus ID": {
            "-11": 2
        },
        "Reco Daughters PDG": {},
        "nRecoHadronTaus": 0,
        "nRecoElectrons": 2,
        "nRecoMuons": 0,
        "nGenTaus": 2
    }
}