{
    "Gen Info": [
        {
            "PDGID": 15,
            "Decay Type": -13,
            "Px": 4.548003945188226,
            "Py": 16.26510195644182,
            "Pz": -42.19487353275286,
            "Mass": 1.776819999999965,
            "P": 45.44937000645777,
            "Theta": 2.7608607918843777,
            "Phi": 1.2981425335962222,
            "visPx": 1.2344549912036178,
            "visPy": 3.1844987741889748,
            "visPz": -7.855360993822136,
            "visMass": 0.10565999999995067,
            "visP": 8.565722848153616,
            "visTheta": 2.731463280954403,
            "visPhi": 1.2009859841911001,
            "Daughters": [
                {
                    "PDGID": 13,
                    "Px": 1.2344549912036178,
                    "Py": 3.1844987741889748,
                    "Pz": -7.855360993822136,
                    "Mass": 0.10566,
                    "P": 8.565722848153616,
                    "Theta": 2.731463280954403,
                    "Phi": 1.2009859841911001
                }
            ]
        },
        {
            "PDGID": -15,
            "Decay Type": 1,
            "Px": -3.213947148365053,
            "Py": -16.327973230829443,
            "Pz": 42.35351547167795,
            "Mass": 1.776819999999965,
            "P": 45.505520971732984,
            "Theta": 0.37438266172607537,
            "Phi": -1.7651485738965436,
            "visPx": -2.212879628079333,
            "visPy": -12.004575379475753,
            "visPz": 32.78004861829347,
            "visMass": 0.7960636212193951,
            "visP": 34.9791116769361,
            "visTheta": 0.3564769098167082,
            "visPhi": -1.7530863302689197,
            "Daughters": [
                {
                    "PDGID": 111,
                    "Px": -0.3598324479140497,
                    "Py": -1.480642709751804,
                    "Pz": 3.538533612262443,
                    "Mass": 0.13498,
                    "P": 3.85266172270861,
                    "Theta": 0.40661551967950366,
                    "Phi": -1.8091991111186625
                },
                {
                    "PDGID": 211,
                    "Px": -1.8530471801652832,
                    "Py": -10.52393266972395,
                    "Pz": 29.24151500603103,
                    "Mass": 0.13957,
                    "P": 31.132830621977494,
                    "Theta": 0.3503573350194735,
                    "Phi": -1.7450890740658562
                }
            ]
        }
    ],
    "Reco Info": [
        {
            "PDGID": -15,
            "Decay Type": 1,
            "Px": -2.0525838136672974,
            "Py": -11.071602284908295,
            "Pz": 30.53143274784088,
            "Mass": 0.6383742057378593,
            "P": 32.541694226073204,
            "Theta": 0.3533317491610919,
            "Phi": -1.7541068604429537,
            "Daughters": [
                {
                    "PDGID": 211,
                    "Px": -1.8433278799057007,
                    "Py": -10.47115421295166,
                    "Pz": 29.093521118164062,
                    "Mass": 0.1395701766014099,
                    "P": 30.975407975962337,
                    "Theta": 0.35036999946684894,
                    "Phi": -1.7450496043618957
                },
                {
                    "PDGID": 22,
                    "Px": -0.20925593376159668,
                    "Py": -0.6004480719566345,
                    "Pz": 1.4379116296768188,
                    "Mass": 0.0,
                    "P": 1.5722327396701554,
                    "Theta": 0.4163612019231208,
                    "Phi": -1.9061338930972593
                }
            ]
        },
        {
            "PDGID": -11,
            "Decay Type": -11,
            "Px": -0.10400823503732681,
            "Py": -0.6615743041038513,
            "Pz": 1.5942106246948242,
            "Mass": 0.0005109988849310559,
            "P": 1.7291633204228964,
            "Theta": 0.39769819956635494,
            "Phi": -1.726733207070024,
            "Daughters": []
        },
        {
            "PDGID": 13,
            "Decay Type": -13,
            "Px": 1.2206591367721558,
            "Py": 3.1520919799804688,
            "Pz": -7.775332927703857,
            "Mass": 0.10565835982560665,
            "P": 8.478295507652371,
            "Theta": 2.7315073173911757,
            "Phi": 1.201326240646776,
            "Daughters": []
        }
    ],
    "Summary": {
        "Gen Taus ID": {
            "-13": 1,
            "1": 1
        },
        "Gen Daughters PDG": {
            "13": 1,
            "111": 1,
            "211": 1
        },
        "Reco Taus ID": {
            "1": 1,
            "-11": 1,
            "-13": 1
        },
        "Reco Daughters PDG": {
            "211": 1,
            "22": 1
        },
        "nRecoHadronTaus": 1,
        "nRecoElectrons": 1,
        "nRecoMuons": 1,
        "nGenTaus": 2
    }
}