{
    "Gen Info": [
        {
            "PDGID": 15,
            "Decay Type": 10,
            "Px": -34.089899804019616,
            "Py": 15.489094363622067,
            "Pz": -24.333038013180186,
            "Mass": 1.776820000000093,
            "P": 44.65568330911708,
            "Theta": 2.1470703474725097,
            "Phi": 2.715118687746358,
            "visPx": -18.21262875972684,
            "visPy": 8.51860311190736,
            "visPz": -12.739450688919876,
            "visMass": 1.1904767008796544,
            "visP": 23.802521907840944,
            "visTheta": 2.1355577774173273,
            "visPhi": 2.7040922121540216,
            "Daughters": [
                {
                    "PDGID": -211,
                    "Px": -3.1787131742377093,
                    "Py": 1.3322972012008603,
                    "Pz": -1.8917045950186537,
                    "Mass": 0.13957,
                    "P": 3.9316382782772257,
                    "Theta": 2.072761479611632,
                    "Phi": 2.744703593596337
                },
                {
                    "PDGID": -211,
                    "Px": -1.576016011910712,
                    "Py": 0.6875525521238932,
                    "Pz": -1.3441733178896027,
                    "Mass": 0.13957,
                    "P": 2.1825116014026977,
                    "Theta": 2.234303479350435,
                    "Phi": 2.730223575637614
                },
                {
                    "PDGID": 211,
                    "Px": -13.45789957357842,
                    "Py": 6.498753358582607,
                    "Pz": -9.50357277601162,
                    "Mass": 0.13957,
                    "P": 17.71063950446624,
                    "Theta": 2.1372019532989204,
                    "Phi": 2.69172238684481
                }
            ]
        },
        {
            "PDGID": -15,
            "Decay Type": 2,
            "Px": 35.49515855083329,
            "Py": -15.44551365629075,
            "Pz": 22.858702316360358,
            "Mass": 1.776820000000029,
            "P": 44.9554273057596,
            "Theta": 1.037383724637875,
            "Phi": -0.41043143537358767,
            "visPx": 28.688739438494085,
            "visPy": -11.90126773327571,
            "visPz": 18.674817033373426,
            "visMass": 0.8003067873862361,
            "visP": 36.241312551546606,
            "visTheta": 1.0294493275493626,
            "visPhi": -0.3932345850409474,
            "Daughters": [
                {
                    "PDGID": 111,
                    "Px": 5.701009257796181,
                    "Py": -2.359953526921491,
                    "Pz": 3.890112107778155,
                    "Mass": 0.13498,
                    "P": 7.294097573914757,
                    "Theta": 1.0082719563739695,
                    "Phi": -0.39247720263895347
                },
                {
                    "PDGID": 111,
                    "Px": 12.508521734856371,
                    "Py": -5.114938405131326,
                    "Pz": 8.301379382015325,
                    "Mass": 0.13498,
                    "P": 15.859968805890219,
                    "Theta": 1.0199399355003935,
                    "Phi": -0.38816913093418104
                },
                {
                    "PDGID": 211,
                    "Px": 10.479208445841532,
                    "Py": -4.426375801222893,
                    "Pz": 6.483325543579946,
                    "Mass": 0.13957,
                    "P": 13.09351452013875,
                    "Theta": 1.0527825389822374,
                    "Phi": -0.3996629758575339
                }
            ]
        }
    ],
    "Reco Info": [
        {
            "PDGID": 15,
            "Decay Type": 10,
            "Px": -18.288914680480957,
            "Py": 8.556114196777344,
            "Pz": -12.788330435752869,
            "Mass": 1.197572609276465,
            "P": 23.900478774957833,
            "Theta": 2.1353820405135413,
            "Phi": 2.7040101234736738,
            "Daughters": [
                {
                    "PDGID": -211,
                    "Px": -1.561586856842041,
                    "Py": 0.6818239688873291,
                    "Pz": -1.3331211805343628,
                    "Mass": 0.1395701766014099,
                    "P": 2.1634808799710727,
                    "Theta": 2.234695786708255,
                    "Phi": 2.7299189676781777
                },
                {
                    "PDGID": 211,
                    "Px": -13.541388511657715,
                    "Py": 6.540558815002441,
                    "Pz": -9.562030792236328,
                    "Mass": 0.1395701766014099,
                    "P": 17.820789693721135,
                    "Theta": 2.1371588062087024,
                    "Phi": 2.691633220477041
                },
                {
                    "PDGID": -211,
                    "Px": -3.185939311981201,
                    "Py": 1.3337314128875732,
                    "Pz": -1.8931784629821777,
                    "Mass": 0.1395701766014099,
                    "P": 3.9386766145559466,
                    "Theta": 2.0722076296100056,
                    "Phi": 2.7451293636492546
                }
            ]
        },
        {
            "PDGID": -15,
            "Decay Type": 3,
            "Px": 29.57336711883545,
            "Py": -12.26587164402008,
            "Pz": 18.703505516052246,
            "Mass": 0.5366302071084827,
            "P": 37.07906105232427,
            "Theta": 1.0420835389344238,
            "Phi": -0.3931660370380799,
            "Daughters": [
                {
                    "PDGID": 211,
                    "Px": 10.456753730773926,
                    "Py": -4.418278694152832,
                    "Pz": 6.470170021057129,
                    "Mass": 0.1395701766014099,
                    "P": 13.066291949388154,
                    "Theta": 1.0527540079847706,
                    "Phi": -0.3997755842309565
                },
                {
                    "PDGID": 22,
                    "Px": 2.2751641273498535,
                    "Py": -0.980880856513977,
                    "Pz": 1.5585501194000244,
                    "Mass": 0.0,
                    "P": 2.927042455403926,
                    "Theta": 1.00928527202382,
                    "Phi": -0.4070473854199957
                },
                {
                    "PDGID": 22,
                    "Px": 12.195448875427246,
                    "Py": -4.9975996017456055,
                    "Pz": 7.744167804718018,
                    "Mass": 0.0,
                    "P": 15.286500908977128,
                    "Theta": 1.0395576062689609,
                    "Phi": -0.3889193067033257
                },
                {
                    "PDGID": 22,
                    "Px": 4.646000385284424,
                    "Py": -1.869112491607666,
                    "Pz": 2.930617570877075,
                    "Mass": 0.0,
                    "P": 5.802363348936387,
                    "Theta": 1.0413296811638808,
                    "Phi": -0.382492477912485
                }
            ]
        }
    ],
    "Summary": {
        "Gen Taus ID": {
            "10": 1,
            "2": 1
        },
        "Gen Daughters PDG": {
            "211": 4,
            "111": 2
        },
        "Reco Taus ID": {
            "10": 1,
            "3": 1
        },
        "Reco Daughters PDG": {
            "211": 4,
            "22": 3
        },
        "nRecoHadronTaus": 2,
        "nRecoElectrons": 0,
        "nRecoMuons": 0,
        "nGenTaus": 2
    }
}