{
    "Gen Info": [
        {
            "PDGID": 15,
            "Decay Type": -11,
            "Px": -1.0726315955076366,
            "Py": 7.499763673069221,
            "Pz": -44.89736850809814,
            "Mass": 1.776819999999965,
            "P": 45.53208421150445,
            "Theta": 2.974425228587213,
            "Phi": 1.7128549893413472,
            "visPx": 0.11134796498373845,
            "visPy": 0.02053419561218834,
            "visPz": -0.33805970361147775,
            "visMass": 0.0005110000000165966,
            "visP": 0.35651702021269566,
            "visTheta": 2.8184079115550404,
            "visPhi": 0.1823657243835893,
            "Daughters": [
                {
                    "PDGID": 11,
                    "Px": 0.11134796498373845,
                    "Py": 0.02053419561218834,
                    "Pz": -0.33805970361147775,
                    "Mass": 0.000511,
                    "P": 0.35651702021269566,
                    "Theta": 2.8184079115550404,
                    "Phi": 0.1823657243835893
                }
            ]
        },
        {
            "PDGID": -15,
            "Decay Type": -13,
            "Px": 2.44204236203654,
            "Py": -7.498931268274424,
            "Pz": 44.90336415047038,
            "Mass": 1.776819999999837,
            "P": 45.59067506732087,
            "Theta": 0.17386042188243617,
            "Phi": -1.2559747812537527,
            "visPx": 0.35204774342071005,
            "visPy": -0.6652403874331935,
            "visPz": 7.390849319403778,
            "visMass": 0.10566000000001792,
            "visP": 7.4290737005935785,
            "visTheta": 0.10148556748421533,
            "visPhi": -1.084059543340166,
            "Daughters": [
                {
                    "PDGID": -13,
                    "Px": 0.35204774342071005,
                    "Py": -0.6652403874331935,
                    "Pz": 7.390849319403778,
                    "Mass": 0.10566,
                    "P": 7.4290737005935785,
                    "Theta": 0.10148556748421533,
                    "Phi": -1.084059543340166
                }
            ]
        }
    ],
    "Reco Info": [],
    "Summary": {
        "Gen Taus ID": {
            "-11": 1,
            "-13": 1
        },
        "Gen Daughters PDG": {
            "11": 1,
            "13": 1
        },
        "Reco Taus ID": {},
        "Reco Daughters PDG": {},
        "nRecoHadronTaus": 0,
        "nRecoElectrons": 0,
        "nRecoMuons": 0,
        "nGenTaus": 2
    }
}