{
    "Gen Info": [
        {
            "PDGID": 15,
            "Decay Type": -13,
            "Px": 4.740995280755914,
            "Py": -1.5500777793054352,
            "Pz": 45.31340536427004,
            "Mass": 1.776819999999965,
            "P": 45.58710873789544,
            "Theta": 0.1096355952577628,
            "Phi": -0.3159963811243984,
            "visPx": 0.008939010720640909,
            "visPy": -0.25812379354365095,
            "visPz": 4.052986686732281,
            "visMass": 0.1056600000000011,
            "visP": 4.061207810680849,
            "visTheta": 0.06363942964540359,
            "visPhi": -1.5361794490180352,
            "Daughters": [
                {
                    "PDGID": 13,
                    "Px": 0.008939010720640909,
                    "Py": -0.25812379354365095,
                    "Pz": 4.052986686732281,
                    "Mass": 0.10566,
                    "P": 4.061207810680849,
                    "Theta": 0.06363942964540359,
                    "Phi": -1.5361794490180352
                }
            ]
        },
        {
            "PDGID": -15,
            "Decay Type": -11,
            "Px": -3.36976947200607,
            "Py": 1.543840030649668,
            "Pz": -45.35170049764388,
            "Mass": 1.776819999999965,
            "P": 45.50291777856331,
            "Theta": 3.0600440680127523,
            "Phi": 2.711986760873917,
            "visPx": -0.08128847002777899,
            "visPy": 0.13640300052035054,
            "visPz": -6.407357328968364,
            "visMass": 0.000511000009060243,
            "visP": 6.4093245771294045,
            "visTheta": 3.116815606392492,
            "visPhi": 2.1082277055436407,
            "Daughters": [
                {
                    "PDGID": -11,
                    "Px": -0.08128847002777899,
                    "Py": 0.13640300052035054,
                    "Pz": -6.407357328968364,
                    "Mass": 0.000511,
                    "P": 6.4093245771294045,
                    "Theta": 3.116815606392492,
                    "Phi": 2.1082277055436407
                }
            ]
        }
    ],
    "Reco Info": [],
    "Summary": {
        "Gen Taus ID": {
            "-13": 1,
            "-11": 1
        },
        "Gen Daughters PDG": {
            "13": 1,
            "11": 1
        },
        "Reco Taus ID": {},
        "Reco Daughters PDG": {},
        "nRecoHadronTaus": 0,
        "nRecoElectrons": 0,
        "nRecoMuons": 0,
        "nGenTaus": 2
    }
}