{
    "Gen Info": [
        {
            "PDGID": 15,
            "Decay Type": -11,
            "Px": -27.35719579277615,
            "Py": 8.624273879810449,
            "Pz": 34.62585292053616,
            "Mass": 1.776820000000029,
            "P": 44.96380713499328,
            "Theta": 0.6918254482898935,
            "Phi": 2.836207141853556,
            "visPx": -17.621227330465775,
            "visPy": 6.108478059899187,
            "visPz": 21.785521436685563,
            "visMass": 0.0005110000438226059,
            "visP": 28.67804214217752,
            "visTheta": 0.7080083385619946,
            "visPhi": 2.807901322745517,
            "Daughters": [
                {
                    "PDGID": 11,
                    "Px": -17.621227330465775,
                    "Py": 6.108478059899187,
                    "Pz": 21.785521436685563,
                    "Mass": 0.000511,
                    "P": 28.67804214217752,
                    "Theta": 0.7080083385619946,
                    "Phi": 2.807901322745517
                }
            ]
        },
        {
            "PDGID": -15,
            "Decay Type": -11,
            "Px": 28.817452416550584,
            "Py": -8.799168130688017,
            "Pz": -34.69784081868089,
            "Mass": 1.776820000000093,
            "P": 45.954445715847676,
            "Theta": 2.4265245963603204,
            "Phi": -0.2963501468142093,
            "visPx": -0.00832699255760963,
            "visPy": -0.014674530910019716,
            "visPz": -0.11841746313884143,
            "visMass": 0.0005109999999979253,
            "visP": 0.11961344505833145,
            "visTheta": 3.0000622202069147,
            "visPhi": -2.086934461585095,
            "Daughters": [
                {
                    "PDGID": -11,
                    "Px": -0.00832699255760963,
                    "Py": -0.014674530910019716,
                    "Pz": -0.11841746313884143,
                    "Mass": 0.000511,
                    "P": 0.11961344505833145,
                    "Theta": 3.0000622202069147,
                    "Phi": -2.086934461585095
                }
            ]
        }
    ],
    "Reco Info": [],
    "Summary": {
        "Gen Taus ID": {
            "-11": 2
        },
        "Gen Daughters PDG": {
            "11": 2
        },
        "Reco Taus ID": {},
        "Reco Daughters PDG": {},
        "nRecoHadronTaus": 0,
        "nRecoElectrons": 0,
        "nRecoMuons": 0,
        "nGenTaus": 2
    }
}