{
    "Gen Info": [
        {
            "PDGID": 15,
            "Decay Type": -13,
            "Px": 2.012824767094155,
            "Py": 4.2667677858404485,
            "Pz": -45.32593050759564,
            "Mass": 1.776820000000093,
            "P": 45.570788310722726,
            "Theta": 3.037882004248103,
            "Phi": 1.1300074335978525,
            "visPx": 1.3053105765439423,
            "visPy": 0.9756044999017579,
            "visPz": -16.118678661672778,
            "visMass": 0.10566000000008516,
            "visP": 16.200846942050017,
            "visTheta": 3.0408340906682003,
            "visPhi": 0.6418425882877739,
            "Daughters": [
                {
                    "PDGID": 13,
                    "Px": 1.3053105765439423,
                    "Py": 0.9756044999017579,
                    "Pz": -16.118678661672778,
                    "Mass": 0.10566,
                    "P": 16.200846942050017,
                    "Theta": 3.0408340906682003,
                    "Phi": 0.6418425882877739
                }
            ]
        },
        {
            "PDGID": -15,
            "Decay Type": -11,
            "Px": -0.639602667845232,
            "Py": -4.264172695195229,
            "Pz": 45.33765523640933,
            "Mass": 1.776819999999837,
            "P": 45.54223581119703,
            "Theta": 0.09482060675548387,
            "Phi": -1.7196809450852812,
            "visPx": -0.0899094785677961,
            "visPy": -0.11463405329170814,
            "visPz": 5.803479146091601,
            "visMass": 0.000511000009060243,
            "visP": 5.805307475029253,
            "visTheta": 0.02509810602904533,
            "visPhi": -2.235901266354454,
            "Daughters": [
                {
                    "PDGID": -11,
                    "Px": -0.0899094785677961,
                    "Py": -0.11463405329170814,
                    "Pz": 5.803479146091601,
                    "Mass": 0.000511,
                    "P": 5.805307475029253,
                    "Theta": 0.02509810602904533,
                    "Phi": -2.235901266354454
                }
            ]
        }
    ],
    "Reco Info": [],
    "Summary": {
        "Gen Taus ID": {
            "-13": 1,
            "-11": 1
        },
        "Gen Daughters PDG": {
            "13": 1,
            "11": 1
        },
        "Reco Taus ID": {},
        "Reco Daughters PDG": {},
        "nRecoHadronTaus": 0,
        "nRecoElectrons": 0,
        "nRecoMuons": 0,
        "nGenTaus": 2
    }
}