{
    "Gen Info": [
        {
            "PDGID": 15,
            "Decay Type": -11,
            "Px": -1.8987305017753862,
            "Py": -7.107131568333503,
            "Pz": 44.922053268896654,
            "Mass": 1.776819999999965,
            "P": 45.520406045438165,
            "Theta": 0.16231829163141398,
            "Phi": -1.8318578286942069,
            "visPx": 0.15463783614300258,
            "visPy": -1.0150358168199392,
            "visPz": 8.630869178923243,
            "visMass": 0.0005110000021077701,
            "visP": 8.69172671875281,
            "visTheta": 0.1184057767208655,
            "visPhi": -1.4196116506436707,
            "Daughters": [
                {
                    "PDGID": 11,
                    "Px": 0.15463783614300258,
                    "Py": -1.0150358168199392,
                    "Pz": 8.630869178923243,
                    "Mass": 0.000511,
                    "P": 8.69172671875281,
                    "Theta": 0.1184057767208655,
                    "Phi": -1.4196116506436707
                }
            ]
        },
        {
            "PDGID": -15,
            "Decay Type": -13,
            "Px": 3.264291120267855,
            "Py": 7.109805767865861,
            "Pz": -44.92667223102038,
            "Mass": 1.776820000000093,
            "P": 45.60275005225208,
            "Theta": 2.969185279118099,
            "Phi": 1.1403798317670266,
            "visPx": 2.157571970972484,
            "visPy": 2.706020192205806,
            "visPz": -19.745029138921755,
            "visMass": 0.10566000000008516,
            "visP": 20.046042945863924,
            "visTheta": 2.968076931607291,
            "visPhi": 0.8976898722131877,
            "Daughters": [
                {
                    "PDGID": -13,
                    "Px": 2.157571970972484,
                    "Py": 2.706020192205806,
                    "Pz": -19.745029138921755,
                    "Mass": 0.10566,
                    "P": 20.046042945863924,
                    "Theta": 2.968076931607291,
                    "Phi": 0.8976898722131877
                }
            ]
        }
    ],
    "Reco Info": [],
    "Summary": {
        "Gen Taus ID": {
            "-11": 1,
            "-13": 1
        },
        "Gen Daughters PDG": {
            "11": 1,
            "13": 1
        },
        "Reco Taus ID": {},
        "Reco Daughters PDG": {},
        "nRecoHadronTaus": 0,
        "nRecoElectrons": 0,
        "nRecoMuons": 0,
        "nGenTaus": 2
    }
}