{
    "Gen Info": [
        {
            "PDGID": 15,
            "Decay Type": -13,
            "Px": -0.4254573119283868,
            "Py": 3.0808730182550557,
            "Pz": -45.44143241571398,
            "Mass": 1.776819999999965,
            "P": 45.547739488044705,
            "Theta": 3.0732570290108887,
            "Phi": 1.708024724450859,
            "visPx": -0.5507850658212129,
            "visPy": 0.2492464021525824,
            "visPz": -9.913559227680576,
            "visMass": 0.10565999999995067,
            "visP": 9.931975861753209,
            "visTheta": 3.0806853419228997,
            "visPhi": 2.7166373186027175,
            "Daughters": [
                {
                    "PDGID": 13,
                    "Px": -0.5507850658212129,
                    "Py": 0.2492464021525824,
                    "Pz": -9.913559227680576,
                    "Mass": 0.10566,
                    "P": 9.931975861753209,
                    "Theta": 3.0806853419228997,
                    "Phi": 2.7166373186027175
                }
            ]
        },
        {
            "PDGID": -15,
            "Decay Type": 1,
            "Px": 1.7933769620845244,
            "Py": -3.080871208159765,
            "Pz": 45.441538549855956,
            "Mass": 1.776819999999837,
            "P": 45.58115174178301,
            "Theta": 0.07828823338969487,
            "Phi": -1.0436421354851024,
            "visPx": 2.0650464663190946,
            "visPy": -2.9568768019552327,
            "visPz": 42.29955453178801,
            "visMass": 0.7482994432344799,
            "visP": 42.45303111578378,
            "visTheta": 0.08505750386748617,
            "visPhi": -0.9611532451706788,
            "Daughters": [
                {
                    "PDGID": 111,
                    "Px": 1.7360470313045508,
                    "Py": -2.6124129365135356,
                    "Pz": 33.764298674804316,
                    "Mass": 0.13498,
                    "P": 33.909680412046896,
                    "Theta": 0.09263249507960808,
                    "Phi": -0.9842690328166038
                },
                {
                    "PDGID": 211,
                    "Px": 0.3289994350145439,
                    "Py": -0.3444638654416973,
                    "Pz": 8.535255856983698,
                    "Mass": 0.13957,
                    "P": 8.548537215629901,
                    "Theta": 0.05575022068458352,
                    "Phi": -0.8083566724300103
                }
            ]
        }
    ],
    "Reco Info": [],
    "Summary": {
        "Gen Taus ID": {
            "-13": 1,
            "1": 1
        },
        "Gen Daughters PDG": {
            "13": 1,
            "111": 1,
            "211": 1
        },
        "Reco Taus ID": {},
        "Reco Daughters PDG": {},
        "nRecoHadronTaus": 0,
        "nRecoElectrons": 0,
        "nRecoMuons": 0,
        "nGenTaus": 2
    }
}