{
    "Gen Info": [
        {
            "PDGID": 15,
            "Decay Type": -13,
            "Px": -34.542109576789535,
            "Py": 28.12344004265486,
            "Pz": 6.643110487308102,
            "Mass": 1.776820000000093,
            "P": 45.03572060924884,
            "Theta": 1.4227485093914018,
            "Phi": 2.4582659303454584,
            "visPx": -0.37817089565815876,
            "visPy": 0.41440218147708674,
            "visPz": 0.017739589841270345,
            "visMass": 0.10565999999999978,
            "visP": 0.5612994631955378,
            "visTheta": 1.5391865613935785,
            "visPhi": 2.3105127976539808,
            "Daughters": [
                {
                    "PDGID": 13,
                    "Px": -0.37817089565815876,
                    "Py": 0.41440218147708674,
                    "Pz": 0.017739589841270345,
                    "Mass": 0.10566,
                    "P": 0.5612994631955378,
                    "Theta": 1.5391865613935785,
                    "Phi": 2.3105127976539808
                }
            ]
        },
        {
            "PDGID": -15,
            "Decay Type": -13,
            "Px": 35.91003215221167,
            "Py": -28.123440042654863,
            "Pz": -6.643109847583137,
            "Mass": 1.776819999999837,
            "P": 46.09326629186453,
            "Theta": 1.7154232092004904,
            "Phi": -0.6643903742949481,
            "visPx": 17.426826890593603,
            "visPy": -14.553082848375585,
            "visPz": -3.3022562558622126,
            "visMass": 0.10566000000008516,
            "visP": 22.943221487964177,
            "visTheta": 1.7152296465938384,
            "visPhi": -0.6957779555464273,
            "Daughters": [
                {
                    "PDGID": -13,
                    "Px": 17.426826890593603,
                    "Py": -14.553082848375585,
                    "Pz": -3.3022562558622126,
                    "Mass": 0.10566,
                    "P": 22.943221487964177,
                    "Theta": 1.7152296465938384,
                    "Phi": -0.6957779555464273
                }
            ]
        }
    ],
    "Reco Info": [
        {
            "PDGID": -13,
            "Decay Type": -13,
            "Px": 17.574331283569336,
            "Py": -14.674824714660645,
            "Pz": -3.3264763355255127,
            "Mass": 0.1056583598260774,
            "P": 23.13596864800499,
            "Theta": 1.7150758011399752,
            "Phi": -0.6957297296230651,
            "Daughters": []
        }
    ],
    "Summary": {
        "Gen Taus ID": {
            "-13": 2
        },
        "Gen Daughters PDG": {
            "13": 2
        },
        "Reco Taus ID": {
            "-13": 1
        },
        "Reco Daughters PDG": {},
        "nRecoHadronTaus": 0,
        "nRecoElectrons": 0,
        "nRecoMuons": 1,
        "nGenTaus": 2
    }
}