{
    "Gen Info": [
        {
            "PDGID": 15,
            "Decay Type": -13,
            "Px": -0.33694065365224335,
            "Py": -1.0710341065214604,
            "Pz": -45.53527558460139,
            "Mass": 1.776819999999837,
            "P": 45.549115969764024,
            "Theta": 3.1169402024202872,
            "Phi": -1.8755875448715393,
            "visPx": -0.6107524378905214,
            "visPy": -0.6271198258950963,
            "visPz": -8.86027350145731,
            "visMass": 0.10566000000001792,
            "visP": 8.903411949193774,
            "visTheta": 3.043113449770663,
            "visPhi": -2.3429730660066057,
            "Daughters": [
                {
                    "PDGID": 13,
                    "Px": -0.6107524378905214,
                    "Py": -0.6271198258950963,
                    "Pz": -8.86027350145731,
                    "Mass": 0.10566,
                    "P": 8.903411949193774,
                    "Theta": 3.043113449770663,
                    "Phi": -2.3429730660066057
                }
            ]
        },
        {
            "PDGID": -15,
            "Decay Type": 1,
            "Px": 1.7048623758313284,
            "Py": 1.0710341065214604,
            "Pz": 45.53533379180595,
            "Mass": 1.776820000000093,
            "P": 45.57982331371023,
            "Theta": 0.04418683349052284,
            "Phi": 0.5609137690433851,
            "visPx": 0.6372784013536241,
            "visPy": 1.1878051068572373,
            "visPz": 19.254562372520304,
            "visMass": 0.622891880737297,
            "visP": 19.301688446609607,
            "visTheta": 0.0698934342567237,
            "visPhi": 1.0783631420502138,
            "Daughters": [
                {
                    "PDGID": 111,
                    "Px": 0.4356654700785467,
                    "Py": 0.2619909313525708,
                    "Pz": 7.2016167284305315,
                    "Mass": 0.13498,
                    "P": 7.219537876702374,
                    "Theta": 0.07047467690757402,
                    "Phi": 0.5414174577651023
                },
                {
                    "PDGID": 211,
                    "Px": 0.20161293127507746,
                    "Py": 0.9258141755046665,
                    "Pz": 12.052945644089773,
                    "Mass": 0.13957,
                    "P": 12.090131445150021,
                    "Theta": 0.07845117163535903,
                    "Phi": 1.3563757375370713
                }
            ]
        }
    ],
    "Reco Info": [],
    "Summary": {
        "Gen Taus ID": {
            "-13": 1,
            "1": 1
        },
        "Gen Daughters PDG": {
            "13": 1,
            "111": 1,
            "211": 1
        },
        "Reco Taus ID": {},
        "Reco Daughters PDG": {},
        "nRecoHadronTaus": 0,
        "nRecoElectrons": 0,
        "nRecoMuons": 0,
        "nGenTaus": 2
    }
}