{
    "Gen Info": [
        {
            "PDGID": 15,
            "Decay Type": -13,
            "Px": 0.5300488849223783,
            "Py": 0.13551650480117616,
            "Pz": 45.54365462514787,
            "Mass": 1.776820000000093,
            "P": 45.54694054662985,
            "Theta": 0.012012035156099608,
            "Phi": 0.2503060366388032,
            "visPx": -0.5886692349351783,
            "visPy": 0.19025898877466835,
            "visPz": 22.177636151798716,
            "visMass": 0.10566000000008516,
            "visP": 22.18626321020595,
            "visTheta": 0.027888063608781315,
            "visPhi": 2.828987973724872,
            "Daughters": [
                {
                    "PDGID": 13,
                    "Px": -0.5886692349351783,
                    "Py": 0.19025898877466835,
                    "Pz": 22.177636151798716,
                    "Mass": 0.10566,
                    "P": 22.18626321020595,
                    "Theta": 0.027888063608781315,
                    "Phi": 2.828987973724872
                }
            ]
        },
        {
            "PDGID": -15,
            "Decay Type": -11,
            "Px": 0.8560511137899275,
            "Py": -0.12245742415086229,
            "Pz": -45.54912396509178,
            "Mass": 1.776819999999837,
            "P": 45.557332157595106,
            "Theta": 3.122609596955608,
            "Phi": -0.14208526229499124,
            "visPx": 0.49528024081305294,
            "visPy": -0.365000700180354,
            "visPz": -6.929271019458547,
            "visMass": 0.0005110000021077701,
            "visP": 6.956531095968742,
            "visTheta": 3.0530354101464967,
            "visPhi": -0.6351017978519325,
            "Daughters": [
                {
                    "PDGID": -11,
                    "Px": 0.49528024081305294,
                    "Py": -0.365000700180354,
                    "Pz": -6.929271019458547,
                    "Mass": 0.000511,
                    "P": 6.956531095968742,
                    "Theta": 3.0530354101464967,
                    "Phi": -0.6351017978519325
                }
            ]
        }
    ],
    "Reco Info": [],
    "Summary": {
        "Gen Taus ID": {
            "-13": 1,
            "-11": 1
        },
        "Gen Daughters PDG": {
            "13": 1,
            "11": 1
        },
        "Reco Taus ID": {},
        "Reco Daughters PDG": {},
        "nRecoHadronTaus": 0,
        "nRecoElectrons": 0,
        "nRecoMuons": 0,
        "nGenTaus": 2
    }
}