{
    "Gen Info": [
        {
            "PDGID": 15,
            "Decay Type": -13,
            "Px": -14.169481591977318,
            "Py": -0.9046873125866718,
            "Pz": -43.05853556568783,
            "Mass": 1.776819999999837,
            "P": 45.33905769621313,
            "Theta": 2.823075142332174,
            "Phi": -3.077831606234742,
            "visPx": -7.284503837715244,
            "visPy": -0.8346967441235561,
            "visPz": -21.83304811709166,
            "visMass": 0.10566000000008516,
            "visP": 23.031341795465984,
            "visTheta": 2.817597718707537,
            "visPhi": -3.0275049757168717,
            "Daughters": [
                {
                    "PDGID": 13,
                    "Px": -7.284503837715244,
                    "Py": -0.8346967441235561,
                    "Pz": -21.83304811709166,
                    "Mass": 0.10566,
                    "P": 23.031341795465984,
                    "Theta": 2.817597718707537,
                    "Phi": -3.0275049757168717
                }
            ]
        },
        {
            "PDGID": -15,
            "Decay Type": -13,
            "Px": 15.53972334844086,
            "Py": 0.9062753243995039,
            "Pz": 43.05967937142933,
            "Mass": 1.776819999999965,
            "P": 45.78690123037363,
            "Theta": 0.34688395344142325,
            "Phi": 0.05825392882189206,
            "visPx": 5.200802107880965,
            "visPy": 0.21289505828329036,
            "visPz": 14.946815439583423,
            "visMass": 0.10565999999981616,
            "visP": 15.827222076414735,
            "visTheta": 0.3351107274531593,
            "visPhi": 0.040912201383555724,
            "Daughters": [
                {
                    "PDGID": -13,
                    "Px": 5.200802107880965,
                    "Py": 0.21289505828329036,
                    "Pz": 14.946815439583423,
                    "Mass": 0.10566,
                    "P": 15.827222076414735,
                    "Theta": 0.3351107274531593,
                    "Phi": 0.040912201383555724
                }
            ]
        }
    ],
    "Reco Info": [
        {
            "PDGID": 13,
            "Decay Type": -13,
            "Px": -7.302384853363037,
            "Py": -0.8378326296806335,
            "Pz": -21.8800106048584,
            "Mass": 0.1056583598255394,
            "P": 23.081630187893996,
            "Theta": 2.8175011836835897,
            "Phi": -3.027358053879478,
            "Daughters": []
        }
    ],
    "Summary": {
        "Gen Taus ID": {
            "-13": 2
        },
        "Gen Daughters PDG": {
            "13": 2
        },
        "Reco Taus ID": {
            "-13": 1
        },
        "Reco Daughters PDG": {},
        "nRecoHadronTaus": 0,
        "nRecoElectrons": 0,
        "nRecoMuons": 1,
        "nGenTaus": 2
    }
}