{
    "Gen Info": [
        {
            "PDGID": 15,
            "Decay Type": -13,
            "Px": -16.848969224994725,
            "Py": -3.991630055374687,
            "Pz": -41.83533460252976,
            "Mass": 1.776820000000093,
            "P": 45.277103438155294,
            "Theta": 2.7491675414234806,
            "Phi": -2.9089747535431436,
            "visPx": -1.187061839407742,
            "visPy": 0.13199289760177113,
            "visPz": -2.6942184901852744,
            "visMass": 0.1056600000000011,
            "visP": 2.947091991854279,
            "visTheta": 2.724314914321272,
            "visPhi": 3.030854600738307,
            "Daughters": [
                {
                    "PDGID": 13,
                    "Px": -1.187061839407742,
                    "Py": 0.13199289760177113,
                    "Pz": -2.6942184901852744,
                    "Mass": 0.10566,
                    "P": 2.947091991854279,
                    "Theta": 2.724314914321272,
                    "Phi": 3.030854600738307
                }
            ]
        },
        {
            "PDGID": -15,
            "Decay Type": -11,
            "Px": 18.210496467219127,
            "Py": 3.9923566567957542,
            "Pz": 41.263083592376276,
            "Mass": 1.776819999999965,
            "P": 45.27916917092333,
            "Theta": 0.4243564263617024,
            "Phi": 0.21581937623286376,
            "visPx": 0.07537499695011778,
            "visPy": 0.07827186584095515,
            "visPz": 0.10095031675253997,
            "visMass": 0.0005110000000030175,
            "visP": 0.14832006472454393,
            "visTheta": 0.8221811924317725,
            "visPhi": 0.8042500010179765,
            "Daughters": [
                {
                    "PDGID": -11,
                    "Px": 0.07537499695011778,
                    "Py": 0.07827186584095515,
                    "Pz": 0.10095031675253997,
                    "Mass": 0.000511,
                    "P": 0.14832006472454393,
                    "Theta": 0.8221811924317725,
                    "Phi": 0.8042500010179765
                }
            ]
        }
    ],
    "Reco Info": [
        {
            "PDGID": 13,
            "Decay Type": -13,
            "Px": -1.2172359228134155,
            "Py": 0.1384948194026947,
            "Pz": -2.750096082687378,
            "Mass": 0.10565835982562347,
            "P": 3.010626607668456,
            "Theta": 2.722511006381821,
            "Phi": 3.0283017214004877,
            "Daughters": []
        }
    ],
    "Summary": {
        "Gen Taus ID": {
            "-13": 1,
            "-11": 1
        },
        "Gen Daughters PDG": {
            "13": 1,
            "11": 1
        },
        "Reco Taus ID": {
            "-13": 1
        },
        "Reco Daughters PDG": {},
        "nRecoHadronTaus": 0,
        "nRecoElectrons": 0,
        "nRecoMuons": 1,
        "nGenTaus": 2
    }
}