{
    "Gen Info": [
        {
            "PDGID": 15,
            "Decay Type": -13,
            "Px": -39.8272103881387,
            "Py": 16.558666230097042,
            "Pz": 12.6758929503574,
            "Mass": 1.776820000000029,
            "P": 44.95636080366982,
            "Theta": 1.2849600001766024,
            "Phi": 2.7475720739191476,
            "visPx": -30.936418297977692,
            "visPy": 13.232295676644162,
            "visPz": 10.42539700258448,
            "visMass": 0.10565999999847121,
            "visP": 35.22562318317566,
            "visTheta": 1.2703352986965029,
            "visPhi": 2.7374157310263065,
            "Daughters": [
                {
                    "PDGID": 13,
                    "Px": -30.936418297977692,
                    "Py": 13.232295676644162,
                    "Pz": 10.42539700258448,
                    "Mass": 0.10566,
                    "P": 35.22562318317566,
                    "Theta": 1.2703352986965029,
                    "Phi": 2.7374157310263065
                }
            ]
        },
        {
            "PDGID": -15,
            "Decay Type": -13,
            "Px": 41.19513239194362,
            "Py": -16.558666230097042,
            "Pz": -12.67593156694669,
            "Mass": 1.776819999999965,
            "P": 46.17258495253904,
            "Theta": 1.8489010853744787,
            "Phi": -0.382192189721565,
            "visPx": 0.3580428136838527,
            "visPy": -0.1358927345206098,
            "visPz": -0.0967620869975517,
            "visMass": 0.10566000000000018,
            "visP": 0.39499923190591235,
            "visTheta": 1.818282792002038,
            "visPhi": -0.3627478353437011,
            "Daughters": [
                {
                    "PDGID": -13,
                    "Px": 0.3580428136838527,
                    "Py": -0.1358927345206098,
                    "Pz": -0.0967620869975517,
                    "Mass": 0.10566,
                    "P": 0.39499923190591235,
                    "Theta": 1.818282792002038,
                    "Phi": -0.3627478353437011
                }
            ]
        }
    ],
    "Reco Info": [
        {
            "PDGID": 13,
            "Decay Type": -13,
            "Px": -30.80414390563965,
            "Py": 13.178322792053223,
            "Pz": 10.378568649291992,
            "Mass": 0.10565835982446341,
            "P": 35.075321246981794,
            "Theta": 1.2704052867034037,
            "Phi": 2.7373442659248806,
            "Daughters": []
        }
    ],
    "Summary": {
        "Gen Taus ID": {
            "-13": 2
        },
        "Gen Daughters PDG": {
            "13": 2
        },
        "Reco Taus ID": {
            "-13": 1
        },
        "Reco Daughters PDG": {},
        "nRecoHadronTaus": 0,
        "nRecoElectrons": 0,
        "nRecoMuons": 1,
        "nGenTaus": 2
    }
}