{
    "Gen Info": [
        {
            "PDGID": 15,
            "Decay Type": -13,
            "Px": -3.351872252791756,
            "Py": -0.7438797629946896,
            "Pz": 44.95396061431023,
            "Mass": 1.776820000000093,
            "P": 45.08488637685343,
            "Theta": 0.07622847276008612,
            "Phi": -2.9232025498326233,
            "visPx": -1.6234826644589913,
            "visPy": -0.3063242671520741,
            "visPz": 20.16997780291698,
            "visMass": 0.10566000000008516,
            "visP": 20.237527889754933,
            "visTheta": 0.0817278546349936,
            "visPhi": -2.9551017173220853,
            "Daughters": [
                {
                    "PDGID": 13,
                    "Px": -1.6234826644589913,
                    "Py": -0.3063242671520741,
                    "Pz": 20.16997780291698,
                    "Mass": 0.10566,
                    "P": 20.237527889754933,
                    "Theta": 0.0817278546349936,
                    "Phi": -2.9551017173220853
                }
            ]
        },
        {
            "PDGID": -15,
            "Decay Type": -13,
            "Px": 4.708875588559303,
            "Py": 0.7340718541707153,
            "Pz": -45.373948404933145,
            "Mass": 1.776819999999837,
            "P": 45.62354178107121,
            "Theta": 3.0369436210117606,
            "Phi": 0.15464638835584035,
            "visPx": 3.519439313212483,
            "visPy": 0.487256040192978,
            "visPz": -38.11138595293039,
            "visMass": 0.10566000000062314,
            "visP": 38.27664576189128,
            "visTheta": 3.048634376822494,
            "visPhi": 0.13757253435770597,
            "Daughters": [
                {
                    "PDGID": -13,
                    "Px": 3.519439313212483,
                    "Py": 0.487256040192978,
                    "Pz": -38.11138595293039,
                    "Mass": 0.10566,
                    "P": 38.27664576189128,
                    "Theta": 3.048634376822494,
                    "Phi": 0.13757253435770597
                }
            ]
        }
    ],
    "Reco Info": [],
    "Summary": {
        "Gen Taus ID": {
            "-13": 2
        },
        "Gen Daughters PDG": {
            "13": 2
        },
        "Reco Taus ID": {},
        "Reco Daughters PDG": {},
        "nRecoHadronTaus": 0,
        "nRecoElectrons": 0,
        "nRecoMuons": 0,
        "nGenTaus": 2
    }
}