{
    "Gen Info": [
        {
            "PDGID": 15,
            "Decay Type": -13,
            "Px": -8.5564550674152,
            "Py": 19.588899658553686,
            "Pz": -40.05278856259998,
            "Mass": 1.776819999999965,
            "P": 45.40004168273328,
            "Theta": 2.6513512081262864,
            "Phi": 1.9826200922810229,
            "visPx": -6.978535727231195,
            "visPy": 15.360369010762478,
            "visPz": -30.528668754354268,
            "visMass": 0.10565999999847121,
            "visP": 34.8803743236239,
            "visTheta": 2.6367263252464626,
            "visPhi": 1.997237649701211,
            "Daughters": [
                {
                    "PDGID": 13,
                    "Px": -6.978535727231195,
                    "Py": 15.360369010762478,
                    "Pz": -30.528668754354268,
                    "Mass": 0.10566,
                    "P": 34.8803743236239,
                    "Theta": 2.6367263252464626,
                    "Phi": 1.997237649701211
                }
            ]
        },
        {
            "PDGID": -15,
            "Decay Type": -11,
            "Px": 9.92434437713675,
            "Py": -19.59108775772935,
            "Pz": 40.07958862424836,
            "Mass": 1.776819999999965,
            "P": 45.702043227147264,
            "Theta": 0.5012640165677137,
            "Phi": -1.101903006343573,
            "visPx": 0.08337406397507084,
            "visPy": -0.22770586978325716,
            "visPz": 0.18576561908201256,
            "visMass": 0.0005110000000030175,
            "visP": 0.3054669587866947,
            "visTheta": 0.9170852761691215,
            "visPhi": -1.2198087495130137,
            "Daughters": [
                {
                    "PDGID": -11,
                    "Px": 0.08337406397507084,
                    "Py": -0.22770586978325716,
                    "Pz": 0.18576561908201256,
                    "Mass": 0.000511,
                    "P": 0.3054669587866947,
                    "Theta": 0.9170852761691215,
                    "Phi": -1.2198087495130137
                }
            ]
        }
    ],
    "Reco Info": [],
    "Summary": {
        "Gen Taus ID": {
            "-13": 1,
            "-11": 1
        },
        "Gen Daughters PDG": {
            "13": 1,
            "11": 1
        },
        "Reco Taus ID": {},
        "Reco Daughters PDG": {},
        "nRecoHadronTaus": 0,
        "nRecoElectrons": 0,
        "nRecoMuons": 0,
        "nGenTaus": 2
    }
}