{
    "Gen Info": [
        {
            "PDGID": 15,
            "Decay Type": -13,
            "Px": 4.0798246820841095,
            "Py": 3.0327023959282653,
            "Pz": 45.33117182644898,
            "Mass": 1.776819999999837,
            "P": 45.61531971188904,
            "Theta": 0.11167540892653208,
            "Phi": 0.639225936068214,
            "visPx": 0.37802730257224837,
            "visPy": 0.26098935521197236,
            "visPz": 6.4045045822995625,
            "visMass": 0.1056599999999843,
            "visP": 6.420957796911618,
            "visTheta": 0.07160333528236612,
            "visPhi": 0.6042526678211623,
            "Daughters": [
                {
                    "PDGID": 13,
                    "Px": 0.37802730257224837,
                    "Py": 0.26098935521197236,
                    "Pz": 6.4045045822995625,
                    "Mass": 0.10566,
                    "P": 6.420957796911618,
                    "Theta": 0.07160333528236612,
                    "Phi": 0.6042526678211623
                }
            ]
        },
        {
            "PDGID": -15,
            "Decay Type": -11,
            "Px": -2.7119044586627745,
            "Py": -3.0327023959282657,
            "Pz": -45.33132192335218,
            "Mass": 1.776819999999965,
            "P": 45.51351949623072,
            "Theta": 3.0520848156756535,
            "Phi": -2.3004091073163924,
            "visPx": -0.5575079780578707,
            "visPy": -0.16602693677265984,
            "visPz": -5.0797936168425215,
            "visMass": 0.0005110000021077701,
            "visP": 5.112991617345594,
            "visTheta": 3.0275758960550663,
            "visPhi": -2.8521536799206624,
            "Daughters": [
                {
                    "PDGID": -11,
                    "Px": -0.5575079780578707,
                    "Py": -0.16602693677265984,
                    "Pz": -5.0797936168425215,
                    "Mass": 0.000511,
                    "P": 5.112991617345594,
                    "Theta": 3.0275758960550663,
                    "Phi": -2.8521536799206624
                }
            ]
        }
    ],
    "Reco Info": [],
    "Summary": {
        "Gen Taus ID": {
            "-13": 1,
            "-11": 1
        },
        "Gen Daughters PDG": {
            "13": 1,
            "11": 1
        },
        "Reco Taus ID": {},
        "Reco Daughters PDG": {},
        "nRecoHadronTaus": 0,
        "nRecoElectrons": 0,
        "nRecoMuons": 0,
        "nGenTaus": 2
    }
}