{
    "Gen Info": [
        {
            "PDGID": 15,
            "Decay Type": 1,
            "Px": 1.0091618515868521,
            "Py": -0.7217049385732577,
            "Pz": -45.48762179088629,
            "Mass": 1.776820000000093,
            "P": 45.50453825556053,
            "Theta": 3.114324489414985,
            "Phi": -0.6208234115789191,
            "visPx": 0.23636211711711247,
            "visPy": -0.5258399489251981,
            "visPz": -37.62017491232659,
            "visMass": 0.7197715174231101,
            "visP": 37.624592159069856,
            "visTheta": 3.1262691111320406,
            "visPhi": -1.1483629300250293,
            "Daughters": [
                {
                    "PDGID": 111,
                    "Px": 0.383327021853304,
                    "Py": -0.32201869228724256,
                    "Pz": -31.782247813666363,
                    "Mass": 0.13498,
                    "P": 31.7861905822822,
                    "Theta": 3.125841916183416,
                    "Phi": -0.6986965226360486
                },
                {
                    "PDGID": -211,
                    "Px": -0.1469649047361915,
                    "Py": -0.20382125663795564,
                    "Pz": -5.8379270986602245,
                    "Mass": 0.13957,
                    "P": 5.843332490724191,
                    "Theta": 3.0985764793349486,
                    "Phi": -2.195509221815943
                }
            ]
        },
        {
            "PDGID": -15,
            "Decay Type": 1,
            "Px": 0.3107269147408818,
            "Py": 0.7758594704534858,
            "Pz": 45.53187927045304,
            "Mass": 1.776820000000093,
            "P": 45.539549174673965,
            "Theta": 0.01835361850570594,
            "Phi": 1.1898643245803202,
            "visPx": -0.3385073964043044,
            "visPy": -0.021338368400594748,
            "visPz": 15.948663836856918,
            "visMass": 0.8159367650278705,
            "visP": 15.952270081855248,
            "visTheta": 0.021263734785925147,
            "visPhi": -3.0786393110204395,
            "Daughters": [
                {
                    "PDGID": 111,
                    "Px": -0.38939453594532814,
                    "Py": -0.2620326086636738,
                    "Pz": 13.384438548975568,
                    "Mass": 0.13498,
                    "P": 13.39266532337497,
                    "Theta": 0.03505246122518996,
                    "Phi": -2.5492711174196723
                },
                {
                    "PDGID": 211,
                    "Px": 0.05088713954102375,
                    "Py": 0.24069424026307903,
                    "Pz": 2.56422528788135,
                    "Mass": 0.13957,
                    "P": 2.5759997176390916,
                    "Theta": 0.0956483750201258,
                    "Phi": 1.3624462355932219
                }
            ]
        }
    ],
    "Reco Info": [],
    "Summary": {
        "Gen Taus ID": {
            "1": 2
        },
        "Gen Daughters PDG": {
            "111": 2,
            "211": 2
        },
        "Reco Taus ID": {},
        "Reco Daughters PDG": {},
        "nRecoHadronTaus": 0,
        "nRecoElectrons": 0,
        "nRecoMuons": 0,
        "nGenTaus": 2
    }
}