{
    "Gen Info": [
        {
            "PDGID": 15,
            "Decay Type": -13,
            "Px": 2.4778325481223136,
            "Py": -2.378977001775655,
            "Pz": -45.46170005795863,
            "Mass": 1.776819999999965,
            "P": 45.591285986154276,
            "Theta": 3.066177968851078,
            "Phi": -0.7650469642729842,
            "visPx": 0.13487274426822587,
            "visPy": -1.120595314679967,
            "visPz": -13.064031375576304,
            "visMass": 0.10566000000008516,
            "visP": 13.112697674333502,
            "visTheta": 3.0554104600489937,
            "visPhi": -1.4510143804257172,
            "Daughters": [
                {
                    "PDGID": 13,
                    "Px": 0.13487274426822587,
                    "Py": -1.120595314679967,
                    "Pz": -13.064031375576304,
                    "Mass": 0.10566,
                    "P": 13.112697674333502,
                    "Theta": 3.0554104600489937,
                    "Phi": -1.4510143804257172
                }
            ]
        },
        {
            "PDGID": -15,
            "Decay Type": -13,
            "Px": -1.107196776092311,
            "Py": 2.3799212070764373,
            "Pz": 45.445887793920626,
            "Mass": 1.776819999999965,
            "P": 45.5216281236788,
            "Theta": 0.057693904960832924,
            "Phi": 2.006238268254023,
            "visPx": -0.4984026566110845,
            "visPy": 1.0202573729002458,
            "visPz": 28.730623922160543,
            "visMass": 0.10566000000008516,
            "visP": 28.753053425187698,
            "visTheta": 0.039501271339757865,
            "visPhi": 2.025207167127339,
            "Daughters": [
                {
                    "PDGID": -13,
                    "Px": -0.4984026566110845,
                    "Py": 1.0202573729002458,
                    "Pz": 28.730623922160543,
                    "Mass": 0.10566,
                    "P": 28.753053425187698,
                    "Theta": 0.039501271339757865,
                    "Phi": 2.025207167127339
                }
            ]
        }
    ],
    "Reco Info": [],
    "Summary": {
        "Gen Taus ID": {
            "-13": 2
        },
        "Gen Daughters PDG": {
            "13": 2
        },
        "Reco Taus ID": {},
        "Reco Daughters PDG": {},
        "nRecoHadronTaus": 0,
        "nRecoElectrons": 0,
        "nRecoMuons": 0,
        "nGenTaus": 2
    }
}