{
    "Gen Info": [
        {
            "PDGID": 15,
            "Decay Type": -13,
            "Px": 4.399971639366145,
            "Py": -0.18601216110204793,
            "Pz": 45.36329763787479,
            "Mass": 1.776819999999965,
            "P": 45.57656331420482,
            "Theta": 0.09677745281031153,
            "Phi": -0.04225060497742329,
            "visPx": 0.8311331320410952,
            "visPy": 0.6521592306426972,
            "visPz": 9.101836645664351,
            "visMass": 0.10565999999995067,
            "visP": 9.16294299172746,
            "visTheta": 0.11555328937657418,
            "visPhi": 0.6653187604034899,
            "Daughters": [
                {
                    "PDGID": 13,
                    "Px": 0.8311331320410952,
                    "Py": 0.6521592306426972,
                    "Pz": 9.101836645664351,
                    "Mass": 0.10566,
                    "P": 9.16294299172746,
                    "Theta": 0.11555328937657418,
                    "Phi": 0.6653187604034899
                }
            ]
        },
        {
            "PDGID": -15,
            "Decay Type": -11,
            "Px": -3.0284245606121676,
            "Py": 0.16890346515946392,
            "Pz": -45.40549537552438,
            "Mass": 1.776819999999837,
            "P": 45.5066906508991,
            "Theta": 3.074890784750367,
            "Phi": 3.085877657964311,
            "visPx": 0.053076874946698126,
            "visPy": -0.23416909584358983,
            "visPz": -4.2489862374693965,
            "visMass": 0.0005109999986315336,
            "visP": 4.255765074144325,
            "visTheta": 3.085142981390694,
            "visPhi": -1.3479019979814537,
            "Daughters": [
                {
                    "PDGID": -11,
                    "Px": 0.053076874946698126,
                    "Py": -0.23416909584358983,
                    "Pz": -4.2489862374693965,
                    "Mass": 0.000511,
                    "P": 4.255765074144325,
                    "Theta": 3.085142981390694,
                    "Phi": -1.3479019979814537
                }
            ]
        }
    ],
    "Reco Info": [],
    "Summary": {
        "Gen Taus ID": {
            "-13": 1,
            "-11": 1
        },
        "Gen Daughters PDG": {
            "13": 1,
            "11": 1
        },
        "Reco Taus ID": {},
        "Reco Daughters PDG": {},
        "nRecoHadronTaus": 0,
        "nRecoElectrons": 0,
        "nRecoMuons": 0,
        "nGenTaus": 2
    }
}