{
    "Gen Info": [
        {
            "PDGID": 15,
            "Decay Type": 0,
            "Px": -13.266775971600179,
            "Py": -43.351415511945376,
            "Pz": 1.3154657612413063,
            "Mass": 1.776819999999837,
            "P": 45.3550771329844,
            "Theta": 1.5417885431913605,
            "Phi": -1.8677747917747056,
            "visPx": -0.20011460231348246,
            "visPy": -0.5044046034929889,
            "visPz": -0.11460677697574852,
            "visMass": 0.13957000000000028,
            "visP": 0.5546211061731888,
            "visTheta": 1.7789356784862764,
            "visPhi": -1.9484842703894318,
            "Daughters": [
                {
                    "PDGID": -211,
                    "Px": -0.20011460231348246,
                    "Py": -0.5044046034929889,
                    "Pz": -0.11460677697574852,
                    "Mass": 0.13957,
                    "P": 0.5546211061731888,
                    "Theta": 1.7789356784862764,
                    "Phi": -1.9484842703894318
                }
            ]
        },
        {
            "PDGID": -15,
            "Decay Type": -13,
            "Px": 14.634698299828504,
            "Py": 43.351415511945376,
            "Pz": -1.3154480871920813,
            "Mass": 1.776819999999965,
            "P": 45.773901132484205,
            "Theta": 1.5995382340121012,
            "Phi": 1.2452260147782086,
            "visPx": 5.977893673132785,
            "visPy": 15.906579846655976,
            "visPz": -0.1997775997127734,
            "visMass": 0.10566000000008516,
            "visP": 16.993952049910877,
            "visTheta": 1.5825524033638985,
            "visPhi": 1.2113134005228283,
            "Daughters": [
                {
                    "PDGID": -13,
                    "Px": 5.977893673132785,
                    "Py": 15.906579846655976,
                    "Pz": -0.1997775997127734,
                    "Mass": 0.10566,
                    "P": 16.993952049910877,
                    "Theta": 1.5825524033638985,
                    "Phi": 1.2113134005228283
                }
            ]
        }
    ],
    "Reco Info": [
        {
            "PDGID": -13,
            "Decay Type": -13,
            "Px": 6.007791042327881,
            "Py": 15.987786293029785,
            "Pz": -0.19778068363666534,
            "Mass": 0.1056583598258084,
            "P": 17.08045611096747,
            "Theta": 1.5823759416720669,
            "Phi": 1.2113474383000258,
            "Daughters": []
        }
    ],
    "Summary": {
        "Gen Taus ID": {
            "0": 1,
            "-13": 1
        },
        "Gen Daughters PDG": {
            "211": 1,
            "13": 1
        },
        "Reco Taus ID": {
            "-13": 1
        },
        "Reco Daughters PDG": {},
        "nRecoHadronTaus": 0,
        "nRecoElectrons": 0,
        "nRecoMuons": 1,
        "nGenTaus": 2
    }
}