{
    "Gen Info": [
        {
            "PDGID": 15,
            "Decay Type": -13,
            "Px": 5.810829293250823,
            "Py": 0.4027324697453824,
            "Pz": 45.265156997547436,
            "Mass": 1.776819999999965,
            "P": 45.63838700622653,
            "Theta": 0.1279777727702423,
            "Phi": 0.06919657434135218,
            "visPx": 0.9822398803374188,
            "visPy": 0.45286906355661805,
            "visPz": 9.815268270502225,
            "visMass": 0.10566000000001792,
            "visP": 9.874683630029857,
            "visTheta": 0.10975410388910105,
            "visPhi": 0.432011202958052,
            "Daughters": [
                {
                    "PDGID": 13,
                    "Px": 0.9822398803374188,
                    "Py": 0.45286906355661805,
                    "Pz": 9.815268270502225,
                    "Mass": 0.10566,
                    "P": 9.874683630029857,
                    "Theta": 0.10975410388910105,
                    "Phi": 0.432011202958052
                }
            ]
        },
        {
            "PDGID": -15,
            "Decay Type": -13,
            "Px": -4.444475162876675,
            "Py": -0.4044657935453921,
            "Pz": -45.26769676886869,
            "Mass": 1.776820000000093,
            "P": 45.48715558055726,
            "Theta": 3.043322443779135,
            "Phi": -3.0508384629221124,
            "visPx": -0.5899263074763968,
            "visPy": -0.41307758637782455,
            "visPz": -11.524592741683945,
            "visMass": 0.10565999999995067,
            "visP": 11.547072529532961,
            "visTheta": 3.079183881591648,
            "visPhi": -2.530719750295573,
            "Daughters": [
                {
                    "PDGID": -13,
                    "Px": -0.5899263074763968,
                    "Py": -0.41307758637782455,
                    "Pz": -11.524592741683945,
                    "Mass": 0.10566,
                    "P": 11.547072529532961,
                    "Theta": 3.079183881591648,
                    "Phi": -2.530719750295573
                }
            ]
        }
    ],
    "Reco Info": [],
    "Summary": {
        "Gen Taus ID": {
            "-13": 2
        },
        "Gen Daughters PDG": {
            "13": 2
        },
        "Reco Taus ID": {},
        "Reco Daughters PDG": {},
        "nRecoHadronTaus": 0,
        "nRecoElectrons": 0,
        "nRecoMuons": 0,
        "nGenTaus": 2
    }
}