{
    "Gen Info": [
        {
            "PDGID": 15,
            "Decay Type": 1,
            "Px": 1.7085994276858,
            "Py": -2.4931268507368682,
            "Pz": -45.47796354106793,
            "Mass": 1.776819999999965,
            "P": 45.57828607287529,
            "Theta": 3.0752313455875817,
            "Phi": -0.969988149255037,
            "visPx": 1.584398388250399,
            "visPy": -1.9224328301335767,
            "visPz": -40.96725805279985,
            "visMass": 1.3323135312174175,
            "visP": 41.042932383100506,
            "visTheta": 3.0808579590962593,
            "visPhi": -0.8814943981295329,
            "Daughters": [
                {
                    "PDGID": 111,
                    "Px": 1.6944116910599956,
                    "Py": -1.9949737383061688,
                    "Pz": -38.99334350630525,
                    "Mass": 0.13498,
                    "P": 39.081092474444084,
                    "Theta": 3.0745680964731936,
                    "Phi": -0.8666853486513159
                },
                {
                    "PDGID": -211,
                    "Px": -0.11001330280959655,
                    "Py": 0.07254090817259214,
                    "Pz": -1.9739145464945977,
                    "Mass": 0.13957,
                    "P": 1.9783083043389758,
                    "Theta": 3.07493247360881,
                    "Phi": 2.5586495126270603
                }
            ]
        },
        {
            "PDGID": -15,
            "Decay Type": -13,
            "Px": -0.34077739535639684,
            "Py": 2.4932068986930322,
            "Pz": 45.47955153186067,
            "Mass": 1.776819999999837,
            "P": 45.54911434278439,
            "Theta": 0.05527374334457835,
            "Phi": 1.7066369296086257,
            "visPx": -0.4832642380330659,
            "visPy": 1.8600502647850754,
            "visPz": 35.51270919714562,
            "visMass": 0.10565999999847121,
            "visP": 35.564671316241906,
            "visTheta": 0.0540632210158325,
            "visPhi": 1.8249887138021126,
            "Daughters": [
                {
                    "PDGID": -13,
                    "Px": -0.4832642380330659,
                    "Py": 1.8600502647850754,
                    "Pz": 35.51270919714562,
                    "Mass": 0.10566,
                    "P": 35.564671316241906,
                    "Theta": 0.0540632210158325,
                    "Phi": 1.8249887138021126
                }
            ]
        }
    ],
    "Reco Info": [],
    "Summary": {
        "Gen Taus ID": {
            "1": 1,
            "-13": 1
        },
        "Gen Daughters PDG": {
            "111": 1,
            "211": 1,
            "13": 1
        },
        "Reco Taus ID": {},
        "Reco Daughters PDG": {},
        "nRecoHadronTaus": 0,
        "nRecoElectrons": 0,
        "nRecoMuons": 0,
        "nGenTaus": 2
    }
}