{
    "Gen Info": [
        {
            "PDGID": 15,
            "Decay Type": -13,
            "Px": 1.250449558412238,
            "Py": -3.6118847967995746,
            "Pz": 45.41127574958185,
            "Mass": 1.776819999999965,
            "P": 45.5718476813048,
            "Theta": 0.08397095590221146,
            "Phi": -1.2375070921491977,
            "visPx": 0.4200052847251799,
            "visPy": -0.818355882475386,
            "visPz": 12.096583844321806,
            "visMass": 0.10565999999995067,
            "visP": 12.131506563172048,
            "visTheta": 0.07589547629519346,
            "visPhi": -1.09662034353091,
            "Daughters": [
                {
                    "PDGID": 13,
                    "Px": 0.4200052847251799,
                    "Py": -0.818355882475386,
                    "Pz": 12.096583844321806,
                    "Mass": 0.10566,
                    "P": 12.131506563172048,
                    "Theta": 0.07589547629519346,
                    "Phi": -1.09662034353091
                }
            ]
        },
        {
            "PDGID": -15,
            "Decay Type": -11,
            "Px": 0.11711907027571612,
            "Py": 3.611387063976187,
            "Pz": -45.412042608049966,
            "Mass": 1.776819999999965,
            "P": 45.5555643938018,
            "Theta": 3.0621932423159324,
            "Phi": 1.538377194033549,
            "visPx": 0.3850969156520404,
            "visPy": 0.5396312596553614,
            "visPz": -4.5001465850024855,
            "visMass": 0.0005109999986315336,
            "visP": 4.54871639227502,
            "visTheta": 2.995327471762809,
            "visPhi": 0.9509813367844947,
            "Daughters": [
                {
                    "PDGID": -11,
                    "Px": 0.3850969156520404,
                    "Py": 0.5396312596553614,
                    "Pz": -4.5001465850024855,
                    "Mass": 0.000511,
                    "P": 4.54871639227502,
                    "Theta": 2.995327471762809,
                    "Phi": 0.9509813367844947
                }
            ]
        }
    ],
    "Reco Info": [
        {
            "PDGID": -11,
            "Decay Type": -11,
            "Px": 0.39903685450553894,
            "Py": 0.5567449331283569,
            "Pz": -4.625124931335449,
            "Mass": 0.0005109988827584033,
            "P": 4.675572260406048,
            "Theta": 2.9945619750363273,
            "Phi": 0.9489289415667465,
            "Daughters": []
        }
    ],
    "Summary": {
        "Gen Taus ID": {
            "-13": 1,
            "-11": 1
        },
        "Gen Daughters PDG": {
            "13": 1,
            "11": 1
        },
        "Reco Taus ID": {
            "-11": 1
        },
        "Reco Daughters PDG": {},
        "nRecoHadronTaus": 0,
        "nRecoElectrons": 1,
        "nRecoMuons": 0,
        "nGenTaus": 2
    }
}