{
    "Gen Info": [
        {
            "PDGID": 15,
            "Decay Type": -13,
            "Px": 4.81947192717807,
            "Py": -1.0716001117308234,
            "Pz": -45.330622111778055,
            "Mass": 1.776819999999965,
            "P": 45.59869447141158,
            "Theta": 3.0331056265579686,
            "Phi": -0.21878883465501173,
            "visPx": 0.9020403930425025,
            "visPy": -0.4052558833184473,
            "visPz": -5.578384297197496,
            "visMass": 0.10565999999995067,
            "visP": 5.665357938282813,
            "visTheta": 2.9661430793480137,
            "visPhi": -0.422243182786863,
            "Daughters": [
                {
                    "PDGID": 13,
                    "Px": 0.9020403930425025,
                    "Py": -0.4052558833184473,
                    "Pz": -5.578384297197496,
                    "Mass": 0.10566,
                    "P": 5.665357938282813,
                    "Theta": 2.9661430793480137,
                    "Phi": -0.422243182786863
                }
            ]
        },
        {
            "PDGID": -15,
            "Decay Type": -13,
            "Px": -3.46499105985922,
            "Py": 1.1569852217070855,
            "Pz": 45.24407670682183,
            "Mass": 1.776820000000093,
            "P": 45.39131254877888,
            "Theta": 0.08056619676637641,
            "Phi": 2.8193257707469432,
            "visPx": -0.7602016007783586,
            "visPy": 0.03958138683975914,
            "visPz": 17.44500233358778,
            "visMass": 0.10565999999981616,
            "visP": 17.46160300713807,
            "visTheta": 0.043608405781996304,
            "visPhi": 3.0895726671763772,
            "Daughters": [
                {
                    "PDGID": -13,
                    "Px": -0.7602016007783586,
                    "Py": 0.03958138683975914,
                    "Pz": 17.44500233358778,
                    "Mass": 0.10566,
                    "P": 17.46160300713807,
                    "Theta": 0.043608405781996304,
                    "Phi": 3.0895726671763772
                }
            ]
        }
    ],
    "Reco Info": [
        {
            "PDGID": 13,
            "Decay Type": -13,
            "Px": 0.9003892540931702,
            "Py": -0.3988364338874817,
            "Pz": -5.544297218322754,
            "Mass": 0.10565835982562347,
            "P": 5.6310747602019955,
            "Theta": 2.9658074447410505,
            "Phi": -0.4169840684730236,
            "Daughters": []
        }
    ],
    "Summary": {
        "Gen Taus ID": {
            "-13": 2
        },
        "Gen Daughters PDG": {
            "13": 2
        },
        "Reco Taus ID": {
            "-13": 1
        },
        "Reco Daughters PDG": {},
        "nRecoHadronTaus": 0,
        "nRecoElectrons": 0,
        "nRecoMuons": 1,
        "nGenTaus": 2
    }
}