{
    "Gen Info": [
        {
            "PDGID": 15,
            "Decay Type": -11,
            "Px": 0.5424948796027974,
            "Py": -3.892366905499127,
            "Pz": 45.38181547309346,
            "Mass": 1.776819999999965,
            "P": 45.55166293841889,
            "Theta": 0.08638283488503057,
            "Phi": -1.4323143703747732,
            "visPx": -0.08386742728666989,
            "visPy": -1.1255065063094292,
            "visPz": 17.10719146226318,
            "visMass": 0.0005109999325830361,
            "visP": 17.14438095609272,
            "visTheta": 0.0658783577553854,
            "visPhi": -1.6451741438457848,
            "Daughters": [
                {
                    "PDGID": 11,
                    "Px": -0.08386742728666989,
                    "Py": -1.1255065063094292,
                    "Pz": 17.10719146226318,
                    "Mass": 0.000511,
                    "P": 17.14438095609272,
                    "Theta": 0.0658783577553854,
                    "Phi": -1.6451741438457848
                }
            ]
        },
        {
            "PDGID": -15,
            "Decay Type": -11,
            "Px": 0.8344997682842524,
            "Py": 3.9292768327676892,
            "Pz": -45.35049352791539,
            "Mass": 1.776820000000093,
            "P": 45.52804486816107,
            "Theta": 3.0532483166913322,
            "Phi": 1.3615257630807536,
            "visPx": 0.13543814549217387,
            "visPy": 1.3704877779454379,
            "visPz": -13.436266249947455,
            "visMass": 0.0005110000160127157,
            "visP": 13.506658764484621,
            "visTheta": 3.039453307924628,
            "visPhi": 1.4722913988776787,
            "Daughters": [
                {
                    "PDGID": -11,
                    "Px": 0.13543814549217387,
                    "Py": 1.3704877779454379,
                    "Pz": -13.436266249947455,
                    "Mass": 0.000511,
                    "P": 13.506658764484621,
                    "Theta": 3.039453307924628,
                    "Phi": 1.4722913988776787
                }
            ]
        }
    ],
    "Reco Info": [],
    "Summary": {
        "Gen Taus ID": {
            "-11": 2
        },
        "Gen Daughters PDG": {
            "11": 2
        },
        "Reco Taus ID": {},
        "Reco Daughters PDG": {},
        "nRecoHadronTaus": 0,
        "nRecoElectrons": 0,
        "nRecoMuons": 0,
        "nGenTaus": 2
    }
}