{
    "Gen Info": [
        {
            "PDGID": 15,
            "Decay Type": -11,
            "Px": 0.5731339269575247,
            "Py": -1.0343942975335167,
            "Pz": -45.54748608001923,
            "Mass": 1.776819999999965,
            "P": 45.56283509913036,
            "Theta": 3.1156351971389653,
            "Phi": -1.0648284911782775,
            "visPx": 0.1699474443017638,
            "visPy": -0.01470170953056561,
            "visPz": -2.052750712780145,
            "visMass": 0.0005110000003696519,
            "visP": 2.059826148709453,
            "visTheta": 3.058683838265265,
            "visPhi": -0.08629255845291303,
            "Daughters": [
                {
                    "PDGID": 11,
                    "Px": 0.1699474443017638,
                    "Py": -0.01470170953056561,
                    "Pz": -2.052750712780145,
                    "Mass": 0.000511,
                    "P": 2.059826148709453,
                    "Theta": 3.058683838265265,
                    "Phi": -0.08629255845291303
                }
            ]
        },
        {
            "PDGID": -15,
            "Decay Type": -11,
            "Px": 0.7947886645088954,
            "Py": 1.0343942975335167,
            "Pz": 45.5474859483582,
            "Mass": 1.776819999999965,
            "P": 45.566162190817536,
            "Theta": 0.028632110307070628,
            "Phi": 0.9156471052609527,
            "visPx": 0.09658644772962394,
            "visPy": 0.10786725708341502,
            "visPz": 2.316472538521518,
            "visMass": 0.0005109999995005927,
            "visP": 2.3209931729240507,
            "visTheta": 0.06242352288988268,
            "visPhi": 0.8405176475737008,
            "Daughters": [
                {
                    "PDGID": -11,
                    "Px": 0.09658644772962394,
                    "Py": 0.10786725708341502,
                    "Pz": 2.316472538521518,
                    "Mass": 0.000511,
                    "P": 2.3209931729240507,
                    "Theta": 0.06242352288988268,
                    "Phi": 0.8405176475737008
                }
            ]
        }
    ],
    "Reco Info": [],
    "Summary": {
        "Gen Taus ID": {
            "-11": 2
        },
        "Gen Daughters PDG": {
            "11": 2
        },
        "Reco Taus ID": {},
        "Reco Daughters PDG": {},
        "nRecoHadronTaus": 0,
        "nRecoElectrons": 0,
        "nRecoMuons": 0,
        "nGenTaus": 2
    }
}