{
    "Gen Info": [
        {
            "PDGID": 15,
            "Decay Type": -13,
            "Px": -39.41226187347059,
            "Py": 14.616290177466961,
            "Pz": 15.953949223225298,
            "Mass": 1.776819999999965,
            "P": 44.960992208270845,
            "Theta": 1.2080536215314277,
            "Phi": 2.7864596541432474,
            "visPx": -0.19975365531231,
            "visPy": 0.03643514386475817,
            "visPz": 0.0603545872104587,
            "visMass": 0.10565999999999999,
            "visP": 0.2118294566778182,
            "visTheta": 1.2818726772597442,
            "visPhi": 2.961175637801653,
            "Daughters": [
                {
                    "PDGID": 13,
                    "Px": -0.19975365531231,
                    "Py": 0.03643514386475817,
                    "Pz": 0.0603545872104587,
                    "Mass": 0.10566,
                    "P": 0.2118294566778182,
                    "Theta": 1.2818726772597442,
                    "Phi": 2.961175637801653
                }
            ]
        },
        {
            "PDGID": -15,
            "Decay Type": -13,
            "Px": 40.78189517389084,
            "Py": -14.616501798632129,
            "Pz": -15.95315938426197,
            "Mass": 1.776820000000093,
            "P": 46.16609571041614,
            "Theta": 1.9236318862809718,
            "Phi": -0.34414430761391945,
            "visPx": 7.079121530165081,
            "visPy": -2.516458715290195,
            "visPz": -3.287896030413353,
            "visMass": 0.10566000000001792,
            "visP": 8.201023497796763,
            "visTheta": 1.9833094341262838,
            "visPhi": -0.34154497611127094,
            "Daughters": [
                {
                    "PDGID": -13,
                    "Px": 7.079121530165081,
                    "Py": -2.516458715290195,
                    "Pz": -3.287896030413353,
                    "Mass": 0.10566,
                    "P": 8.201023497796763,
                    "Theta": 1.9833094341262838,
                    "Phi": -0.34154497611127094
                }
            ]
        }
    ],
    "Reco Info": [],
    "Summary": {
        "Gen Taus ID": {
            "-13": 2
        },
        "Gen Daughters PDG": {
            "13": 2
        },
        "Reco Taus ID": {},
        "Reco Daughters PDG": {},
        "nRecoHadronTaus": 0,
        "nRecoElectrons": 0,
        "nRecoMuons": 0,
        "nGenTaus": 2
    }
}