{
    "Gen Info": [
        {
            "PDGID": 15,
            "Decay Type": -13,
            "Px": 0.30463490410249394,
            "Py": -2.79317369793344,
            "Pz": -45.47208007921766,
            "Mass": 1.776819999999837,
            "P": 45.55880473039661,
            "Theta": 3.0798807369750434,
            "Phi": -1.4621616300878102,
            "visPx": -0.3863792720874194,
            "visPy": -1.3840371255296915,
            "visPz": -14.148954288908044,
            "visMass": 0.10566000000008516,
            "visP": 14.221735308194729,
            "visTheta": 3.040380386078161,
            "visPhi": -1.843033615297874,
            "Daughters": [
                {
                    "PDGID": 13,
                    "Px": -0.3863792720874194,
                    "Py": -1.3840371255296915,
                    "Pz": -14.148954288908044,
                    "Mass": 0.10566,
                    "P": 14.221735308194729,
                    "Theta": 3.040380386078161,
                    "Phi": -1.843033615297874
                }
            ]
        },
        {
            "PDGID": -15,
            "Decay Type": -13,
            "Px": 1.0632872531372093,
            "Py": 2.79317369793344,
            "Pz": 45.47205086929087,
            "Mass": 1.776820000000093,
            "P": 45.57016358703234,
            "Theta": 0.06563194995807717,
            "Phi": 1.2070609162926036,
            "visPx": 0.6954774097454051,
            "visPy": 2.936494877014365,
            "visPz": 41.01288195677139,
            "visMass": 0.10565999999847121,
            "visP": 41.12375441749284,
            "visTheta": 0.07344768043471976,
            "visPhi": 1.338242035249933,
            "Daughters": [
                {
                    "PDGID": -13,
                    "Px": 0.6954774097454051,
                    "Py": 2.936494877014365,
                    "Pz": 41.01288195677139,
                    "Mass": 0.10566,
                    "P": 41.12375441749284,
                    "Theta": 0.07344768043471976,
                    "Phi": 1.338242035249933
                }
            ]
        }
    ],
    "Reco Info": [],
    "Summary": {
        "Gen Taus ID": {
            "-13": 2
        },
        "Gen Daughters PDG": {
            "13": 2
        },
        "Reco Taus ID": {},
        "Reco Daughters PDG": {},
        "nRecoHadronTaus": 0,
        "nRecoElectrons": 0,
        "nRecoMuons": 0,
        "nGenTaus": 2
    }
}