{
    "Gen Info": [
        {
            "PDGID": 15,
            "Decay Type": -13,
            "Px": -17.830981328317968,
            "Py": 38.82395001279896,
            "Pz": 15.02051647954701,
            "Mass": 1.776819999999965,
            "P": 45.286409716817694,
            "Theta": 1.2327143698530199,
            "Phi": 2.001338896158153,
            "visPx": -0.32946769910177226,
            "visPy": 0.4002335237687676,
            "visPz": 0.18503552341327395,
            "visMass": 0.10565999999999978,
            "visP": 0.550430725182202,
            "visTheta": 1.2279544215511138,
            "visPhi": 2.2595176366225127,
            "Daughters": [
                {
                    "PDGID": 13,
                    "Px": -0.32946769910177226,
                    "Py": 0.4002335237687676,
                    "Pz": 0.18503552341327395,
                    "Mass": 0.10566,
                    "P": 0.550430725182202,
                    "Theta": 1.2279544215511138,
                    "Phi": 2.2595176366225127
                }
            ]
        },
        {
            "PDGID": -15,
            "Decay Type": -13,
            "Px": 19.198896826342832,
            "Py": -38.82395001279896,
            "Pz": -15.020069029998636,
            "Mass": 1.776820000000093,
            "P": 45.8421117272186,
            "Theta": 1.904609241698176,
            "Phi": -1.1115490038487197,
            "visPx": 6.6770800405960715,
            "visPy": -12.791954742036763,
            "visPz": -5.733331021602589,
            "visMass": 0.10565999999995067,
            "visP": 15.527027680599847,
            "visTheta": 1.9489965253061265,
            "visPhi": -1.0897236962672836,
            "Daughters": [
                {
                    "PDGID": -13,
                    "Px": 6.6770800405960715,
                    "Py": -12.791954742036763,
                    "Pz": -5.733331021602589,
                    "Mass": 0.10566,
                    "P": 15.527027680599847,
                    "Theta": 1.9489965253061265,
                    "Phi": -1.0897236962672836
                }
            ]
        }
    ],
    "Reco Info": [
        {
            "PDGID": -13,
            "Decay Type": -13,
            "Px": 6.655129432678223,
            "Py": -12.747145652770996,
            "Pz": -5.714969158172607,
            "Mass": 0.1056583598256739,
            "P": 15.473892287899725,
            "Theta": 1.9490840279797121,
            "Phi": -1.0896350076276553,
            "Daughters": []
        }
    ],
    "Summary": {
        "Gen Taus ID": {
            "-13": 2
        },
        "Gen Daughters PDG": {
            "13": 2
        },
        "Reco Taus ID": {
            "-13": 1
        },
        "Reco Daughters PDG": {},
        "nRecoHadronTaus": 0,
        "nRecoElectrons": 0,
        "nRecoMuons": 1,
        "nGenTaus": 2
    }
}