{
    "Gen Info": [
        {
            "PDGID": 15,
            "Decay Type": -13,
            "Px": -40.588092159932536,
            "Py": 16.91541361824856,
            "Pz": -9.301268030006929,
            "Mass": 1.776819999999965,
            "P": 44.9448331849795,
            "Theta": 1.7792512813112467,
            "Phi": 2.7467236823177266,
            "visPx": -24.99337237942542,
            "visPy": 10.373848277922296,
            "visPz": -5.411627089707669,
            "visMass": 0.10566000000008516,
            "visP": 27.596577663689295,
            "visTheta": 1.76817314861016,
            "visPhi": 2.748167924802913,
            "Daughters": [
                {
                    "PDGID": 13,
                    "Px": -24.99337237942542,
                    "Py": 10.373848277922296,
                    "Pz": -5.411627089707669,
                    "Mass": 0.10566,
                    "P": 27.596577663689295,
                    "Theta": 1.76817314861016,
                    "Phi": 2.748167924802913
                }
            ]
        },
        {
            "PDGID": -15,
            "Decay Type": -11,
            "Px": 41.95597701662177,
            "Py": -16.915380663802353,
            "Pz": 9.300951211903227,
            "Mass": 1.776819999999965,
            "P": 46.18378290987906,
            "Theta": 1.368019555559369,
            "Phi": -0.38323592791063504,
            "visPx": 0.5036576382258027,
            "visPy": -0.20237694755375105,
            "visPz": -0.036322389488692805,
            "visMass": 0.0005109999999351223,
            "visP": 0.5440098909234422,
            "visTheta": 1.6376139189246885,
            "visPhi": -0.38206963123601834,
            "Daughters": [
                {
                    "PDGID": -11,
                    "Px": 0.5036576382258027,
                    "Py": -0.20237694755375105,
                    "Pz": -0.036322389488692805,
                    "Mass": 0.000511,
                    "P": 0.5440098909234422,
                    "Theta": 1.6376139189246885,
                    "Phi": -0.38206963123601834
                }
            ]
        }
    ],
    "Reco Info": [
        {
            "PDGID": 13,
            "Decay Type": -13,
            "Px": -25.003673553466797,
            "Py": 10.379093170166016,
            "Pz": -5.41611909866333,
            "Mass": 0.10565835982500141,
            "P": 27.60875970220733,
            "Theta": 1.768250834006987,
            "Phi": 2.7481348578920706,
            "Daughters": []
        }
    ],
    "Summary": {
        "Gen Taus ID": {
            "-13": 1,
            "-11": 1
        },
        "Gen Daughters PDG": {
            "13": 1,
            "11": 1
        },
        "Reco Taus ID": {
            "-13": 1
        },
        "Reco Daughters PDG": {},
        "nRecoHadronTaus": 0,
        "nRecoElectrons": 0,
        "nRecoMuons": 1,
        "nGenTaus": 2
    }
}