{
    "Gen Info": [
        {
            "PDGID": 15,
            "Decay Type": 0,
            "Px": 42.66678269505039,
            "Py": -12.316265395349921,
            "Pz": -12.720039033843031,
            "Mass": 1.776819999999965,
            "P": 46.19463314994325,
            "Theta": 1.8497578929842915,
            "Phi": -0.28102248664390334,
            "visPx": 0.3163818769276222,
            "visPy": -0.17628023130179735,
            "visPz": -0.12316036249340505,
            "visMass": 0.13956999999999997,
            "visP": 0.3825450128881139,
            "visTheta": 1.898584745917296,
            "visPhi": -0.5083355371260644,
            "Daughters": [
                {
                    "PDGID": -211,
                    "Px": 0.3163818769276222,
                    "Py": -0.17628023130179735,
                    "Pz": -0.12316036249340505,
                    "Mass": 0.13957,
                    "P": 0.3825450128881139,
                    "Theta": 1.898584745917296,
                    "Phi": -0.5083355371260644
                }
            ]
        },
        {
            "PDGID": -15,
            "Decay Type": -13,
            "Px": -41.29886199612146,
            "Py": 12.316265395349921,
            "Pz": 12.719990091142403,
            "Mass": 1.776820000000029,
            "P": 44.93422463314728,
            "Theta": 1.2837921492297961,
            "Phi": 2.851767044600364,
            "visPx": -9.530653441931362,
            "visPy": 2.3607381995783716,
            "visPz": 3.140212821218056,
            "visMass": 0.10566000000001792,
            "visP": 10.308606910717321,
            "visTheta": 1.2612563764075413,
            "visPhi": 2.898780325565205,
            "Daughters": [
                {
                    "PDGID": -13,
                    "Px": -9.530653441931362,
                    "Py": 2.3607381995783716,
                    "Pz": 3.140212821218056,
                    "Mass": 0.10566,
                    "P": 10.308606910717321,
                    "Theta": 1.2612563764075413,
                    "Phi": 2.898780325565205
                }
            ]
        }
    ],
    "Reco Info": [
        {
            "PDGID": -13,
            "Decay Type": -13,
            "Px": -9.535805702209473,
            "Py": 2.3622217178344727,
            "Pz": 3.1421797275543213,
            "Mass": 0.10565835982560665,
            "P": 10.314309248551398,
            "Theta": 1.2612329790411256,
            "Phi": 2.898759842668134,
            "Daughters": []
        }
    ],
    "Summary": {
        "Gen Taus ID": {
            "0": 1,
            "-13": 1
        },
        "Gen Daughters PDG": {
            "211": 1,
            "13": 1
        },
        "Reco Taus ID": {
            "-13": 1
        },
        "Reco Daughters PDG": {},
        "nRecoHadronTaus": 0,
        "nRecoElectrons": 0,
        "nRecoMuons": 1,
        "nGenTaus": 2
    }
}