{
    "Gen Info": [
        {
            "PDGID": 15,
            "Decay Type": -13,
            "Px": -17.268784211555587,
            "Py": 35.269569773169785,
            "Pz": -22.518603934535697,
            "Mass": 1.776819999999965,
            "P": 45.268542977328636,
            "Theta": 2.0914471829651307,
            "Phi": 2.02610773602558,
            "visPx": -4.637171949992356,
            "visPy": 8.384243389571678,
            "visPz": -4.976359421533898,
            "visMass": 0.10566000000001792,
            "visP": 10.796437097564246,
            "visTheta": 2.0498347847356566,
            "visPhi": 2.0760024801065358,
            "Daughters": [
                {
                    "PDGID": 13,
                    "Px": -4.637171949992356,
                    "Py": 8.384243389571678,
                    "Pz": -4.976359421533898,
                    "Mass": 0.10566,
                    "P": 10.796437097564246,
                    "Theta": 2.0498347847356566,
                    "Phi": 2.0760024801065358
                }
            ]
        },
        {
            "PDGID": -15,
            "Decay Type": -11,
            "Px": 18.652451654248626,
            "Py": -35.26506164768791,
            "Pz": 22.425529749058526,
            "Mass": 1.776820000000093,
            "P": 45.76508396425401,
            "Theta": 1.0586905663849773,
            "Phi": -1.0842800570301834,
            "visPx": 0.07140797181688595,
            "visPy": -0.027661491831993776,
            "visPz": 0.10433045081421005,
            "visMass": 0.000510999999996228,
            "visP": 0.12941831221457395,
            "visTheta": 0.633181495676709,
            "visPhi": -0.3695735180478328,
            "Daughters": [
                {
                    "PDGID": -11,
                    "Px": 0.07140797181688595,
                    "Py": -0.027661491831993776,
                    "Pz": 0.10433045081421005,
                    "Mass": 0.000511,
                    "P": 0.12941831221457395,
                    "Theta": 0.633181495676709,
                    "Phi": -0.3695735180478328
                }
            ]
        }
    ],
    "Reco Info": [
        {
            "PDGID": 13,
            "Decay Type": -13,
            "Px": -4.6317338943481445,
            "Py": 8.374262809753418,
            "Pz": -4.971532821655273,
            "Mass": 0.1056583598255394,
            "P": 10.784126068980662,
            "Theta": 2.0499233815701188,
            "Phi": 2.0760099801900784,
            "Daughters": []
        }
    ],
    "Summary": {
        "Gen Taus ID": {
            "-13": 1,
            "-11": 1
        },
        "Gen Daughters PDG": {
            "13": 1,
            "11": 1
        },
        "Reco Taus ID": {
            "-13": 1
        },
        "Reco Daughters PDG": {},
        "nRecoHadronTaus": 0,
        "nRecoElectrons": 0,
        "nRecoMuons": 1,
        "nGenTaus": 2
    }
}