{
    "Gen Info": [
        {
            "PDGID": 15,
            "Decay Type": -13,
            "Px": -2.3247469625958597,
            "Py": 1.5254051616511635,
            "Pz": 45.35848775302373,
            "Mass": 1.776819999999837,
            "P": 45.44363234369029,
            "Theta": 0.061224442935016526,
            "Phi": 2.5608994526244127,
            "visPx": -0.16224959717687257,
            "visPy": 0.4776172296991003,
            "visPz": 7.028086107680932,
            "visMass": 0.10565999999995067,
            "visP": 7.046164736001225,
            "visTheta": 0.07164967760371395,
            "visPhi": 1.8982715722543742,
            "Daughters": [
                {
                    "PDGID": 13,
                    "Px": -0.16224959717687257,
                    "Py": 0.4776172296991003,
                    "Pz": 7.028086107680932,
                    "Mass": 0.10566,
                    "P": 7.046164736001225,
                    "Theta": 0.07164967760371395,
                    "Phi": 1.8982715722543742
                }
            ]
        },
        {
            "PDGID": -15,
            "Decay Type": -13,
            "Px": 3.682981065708256,
            "Py": -1.5246408182535818,
            "Pz": -45.43432705450286,
            "Mass": 1.776819999999965,
            "P": 45.60884732209948,
            "Theta": 3.0540838057079034,
            "Phi": -0.39249050887437836,
            "visPx": 1.1944402548161401,
            "visPy": -1.106074871696425,
            "visPz": -23.803300730150625,
            "visMass": 0.10566000000008516,
            "visP": 23.858902212677616,
            "visTheta": 3.0733089085482845,
            "visPhi": -0.7470059085494547,
            "Daughters": [
                {
                    "PDGID": -13,
                    "Px": 1.1944402548161401,
                    "Py": -1.106074871696425,
                    "Pz": -23.803300730150625,
                    "Mass": 0.10566,
                    "P": 23.858902212677616,
                    "Theta": 3.0733089085482845,
                    "Phi": -0.7470059085494547
                }
            ]
        }
    ],
    "Reco Info": [],
    "Summary": {
        "Gen Taus ID": {
            "-13": 2
        },
        "Gen Daughters PDG": {
            "13": 2
        },
        "Reco Taus ID": {},
        "Reco Daughters PDG": {},
        "nRecoHadronTaus": 0,
        "nRecoElectrons": 0,
        "nRecoMuons": 0,
        "nGenTaus": 2
    }
}