{
    "Gen Info": [
        {
            "PDGID": 15,
            "Decay Type": 1,
            "Px": 0.9603494145820906,
            "Py": 5.368511214445195,
            "Pz": 44.78856956982991,
            "Mass": 1.776820000000093,
            "P": 45.11938771491925,
            "Theta": 0.12116962777752663,
            "Phi": 1.3937830127825068,
            "visPx": 0.6775019212670088,
            "visPy": 1.4327994223700171,
            "visPz": 15.833286011208848,
            "visMass": 0.7786397089973007,
            "visP": 15.912412417694751,
            "visTheta": 0.09976721189022504,
            "visPhi": 1.129102110224659,
            "Daughters": [
                {
                    "PDGID": 111,
                    "Px": 0.583887125503854,
                    "Py": 1.0020119041158242,
                    "Pz": 13.644050202981159,
                    "Mass": 0.13498,
                    "P": 13.693248627436411,
                    "Theta": 0.08479445740381353,
                    "Phi": 1.0431835293770986
                },
                {
                    "PDGID": -211,
                    "Px": 0.09361479576315475,
                    "Py": 0.4307875182541929,
                    "Pz": 2.189235808227689,
                    "Mass": 0.13957,
                    "P": 2.233180476337666,
                    "Theta": 0.19871055541093224,
                    "Phi": 1.356812481546019
                }
            ]
        },
        {
            "PDGID": -15,
            "Decay Type": 0,
            "Px": 0.40588831651153184,
            "Py": -5.367671951838349,
            "Pz": -45.187959818593555,
            "Mass": 1.776819999999965,
            "P": 45.50745389576149,
            "Theta": 3.02302682247905,
            "Phi": -1.4953227610396063,
            "visPx": 0.4790796549956107,
            "visPy": -0.8127136586753168,
            "visPz": -12.782436156665366,
            "visMass": 0.13956999999989705,
            "visP": 12.817203084372743,
            "visTheta": 3.067921114900643,
            "visPhi": -1.0381469298649868,
            "Daughters": [
                {
                    "PDGID": 211,
                    "Px": 0.4790796549956107,
                    "Py": -0.8127136586753168,
                    "Pz": -12.782436156665366,
                    "Mass": 0.13957,
                    "P": 12.817203084372743,
                    "Theta": 3.067921114900643,
                    "Phi": -1.0381469298649868
                }
            ]
        }
    ],
    "Reco Info": [
        {
            "PDGID": 15,
            "Decay Type": 0,
            "Px": 0.08924195915460587,
            "Py": 0.41314050555229187,
            "Pz": 2.096017599105835,
            "Mass": 0.1395701766014131,
            "P": 2.13820929292788,
            "Theta": 0.19898489198069444,
            "Phi": 1.3580561977792347,
            "Daughters": [
                {
                    "PDGID": -211,
                    "Px": 0.08924195915460587,
                    "Py": 0.41314050555229187,
                    "Pz": 2.096017599105835,
                    "Mass": 0.1395701766014099,
                    "P": 2.13820929292788,
                    "Theta": 0.19898489198069444,
                    "Phi": 1.3580561977792347
                }
            ]
        }
    ],
    "Summary": {
        "Gen Taus ID": {
            "1": 1,
            "0": 1
        },
        "Gen Daughters PDG": {
            "111": 1,
            "211": 2
        },
        "Reco Taus ID": {
            "0": 1
        },
        "Reco Daughters PDG": {
            "211": 1
        },
        "nRecoHadronTaus": 1,
        "nRecoElectrons": 0,
        "nRecoMuons": 0,
        "nGenTaus": 2
    }
}